stimulus,aoi_index,aoi_content,fprt
goldfish-neg.text.0,0,One,490.0
goldfish-neg.text.0,1,Last,463.0
goldfish-neg.text.0,2,Wish,0.0
goldfish-neg.text.0,3,As,0.0
goldfish-neg.text.0,4,the,228.0
goldfish-neg.text.0,5,sun,270.0
goldfish-neg.text.0,6,set,223.0
goldfish-neg.text.0,7,on,225.0
goldfish-neg.text.0,8,the,428.0
goldfish-neg.text.0,9,small,620.0
goldfish-neg.text.0,10,town,505.0
goldfish-neg.text.0,11,of,0.0
goldfish-neg.text.0,12,Willow,444.0
goldfish-neg.text.0,13,"Creek,",183.0
goldfish-neg.text.0,14,a,202.0
goldfish-neg.text.0,15,young,217.0
goldfish-neg.text.0,16,girl,213.0
goldfish-neg.text.0,17,named,391.0
goldfish-neg.text.0,18,Lily,0.0
goldfish-neg.text.0,19,sat,613.0
goldfish-neg.text.0,20,by,0.0
goldfish-neg.text.0,21,the,269.0
goldfish-neg.text.0,22,edge,0.0
goldfish-neg.text.0,23,of,496.0
goldfish-neg.text.0,24,her,0.0
goldfish-neg.text.0,25,"bed,",325.0
goldfish-neg.text.0,26,her,188.0
goldfish-neg.text.0,27,eyes,384.0
goldfish-neg.text.0,28,fixed,321.0
goldfish-neg.text.0,29,on,0.0
goldfish-neg.text.0,30,the,336.0
goldfish-neg.text.0,31,small,217.0
goldfish-neg.text.0,32,tank,253.0
goldfish-neg.text.0,33,in,0.0
goldfish-neg.text.0,34,the,261.0
goldfish-neg.text.0,35,corner,284.0
goldfish-neg.text.0,36,of,0.0
goldfish-neg.text.0,37,her,283.0
goldfish-neg.text.0,38,room.,0.0
goldfish-neg.text.0,39,Her,429.0
goldfish-neg.text.0,40,pet,0.0
goldfish-neg.text.0,41,"goldfish,",468.0
goldfish-neg.text.0,42,"Finley,",295.0
goldfish-neg.text.0,43,had,267.0
goldfish-neg.text.0,44,been,554.0
goldfish-neg.text.0,45,by,196.0
goldfish-neg.text.0,46,her,0.0
goldfish-neg.text.0,47,side,273.0
goldfish-neg.text.0,48,for,295.0
goldfish-neg.text.0,49,as,0.0
goldfish-neg.text.0,50,long,224.0
goldfish-neg.text.0,51,as,0.0
goldfish-neg.text.0,52,she,393.0
goldfish-neg.text.0,53,could,191.0
goldfish-neg.text.0,54,remember.,267.0
goldfish-neg.text.0,55,He,353.0
goldfish-neg.text.0,56,was,0.0
goldfish-neg.text.0,57,more,0.0
goldfish-neg.text.0,58,than,185.0
goldfish-neg.text.0,59,just,199.0
goldfish-neg.text.0,60,a,0.0
goldfish-neg.text.0,61,pet,0.0
goldfish-neg.text.0,62,-,0.0
goldfish-neg.text.0,63,he,302.0
goldfish-neg.text.0,64,was,0.0
goldfish-neg.text.0,65,her,221.0
goldfish-neg.text.0,66,best,279.0
goldfish-neg.text.0,67,friend.,646.0
goldfish-neg.text.0,68,As,0.0
goldfish-neg.text.0,69,the,606.0
goldfish-neg.text.0,70,days,195.0
goldfish-neg.text.0,71,went,378.0
goldfish-neg.text.0,72,"by,",0.0
goldfish-neg.text.0,73,Lily,638.0
goldfish-neg.text.0,74,noticed,380.0
goldfish-neg.text.0,75,that,278.0
goldfish-neg.text.0,76,Finley,208.0
goldfish-neg.text.0,77,wasn't,191.0
goldfish-neg.text.0,78,swimming,215.0
goldfish-neg.text.0,79,as,147.0
goldfish-neg.text.0,80,much,256.0
goldfish-neg.text.0,81,as,0.0
goldfish-neg.text.0,82,he,221.0
goldfish-neg.text.0,83,used,0.0
goldfish-neg.text.0,84,to.,0.0
goldfish-neg.text.0,85,She,0.0
goldfish-neg.text.0,86,tried,0.0
goldfish-neg.text.0,87,to,118.0
goldfish-neg.text.0,88,get,303.0
goldfish-neg.text.0,89,him,0.0
goldfish-neg.text.0,90,to,514.0
goldfish-neg.text.0,91,"eat,",0.0
goldfish-neg.text.0,92,to,256.0
goldfish-neg.text.0,93,play,335.0
goldfish-neg.text.0,94,with,0.0
goldfish-neg.text.0,95,"him,",263.0
goldfish-neg.text.0,96,but,294.0
goldfish-neg.text.0,97,nothing,171.0
goldfish-neg.text.0,98,seemed,298.0
goldfish-neg.text.0,99,to,0.0
goldfish-neg.text.0,100,work.,0.0
goldfish-neg.text.0,101,She,221.0
goldfish-neg.text.0,102,knew,224.0
goldfish-neg.text.0,103,it,0.0
goldfish-neg.text.0,104,was,0.0
goldfish-neg.text.0,105,only,108.0
goldfish-neg.text.0,106,a,147.0
goldfish-neg.text.0,107,matter,175.0
goldfish-neg.text.0,108,of,0.0
goldfish-neg.text.0,109,time,311.0
goldfish-neg.text.0,110,before,290.0
goldfish-neg.text.0,111,he,203.0
goldfish-neg.text.0,112,would,358.0
goldfish-neg.text.0,113,be,0.0
goldfish-neg.text.0,114,gone.,456.0
goldfish-neg.text.1,115,One,167.0
goldfish-neg.text.1,116,"evening,",255.0
goldfish-neg.text.1,117,as,218.0
goldfish-neg.text.1,118,she,198.0
goldfish-neg.text.1,119,sat,136.0
goldfish-neg.text.1,120,by,275.0
goldfish-neg.text.1,121,the,182.0
goldfish-neg.text.1,122,"tank,",316.0
goldfish-neg.text.1,123,Finley,241.0
goldfish-neg.text.1,124,swam,323.0
goldfish-neg.text.1,125,up,0.0
goldfish-neg.text.1,126,to,254.0
goldfish-neg.text.1,127,the,0.0
goldfish-neg.text.1,128,glass,137.0
goldfish-neg.text.1,129,and,279.0
goldfish-neg.text.1,130,looked,294.0
goldfish-neg.text.1,131,at,144.0
goldfish-neg.text.1,132,her,0.0
goldfish-neg.text.1,133,with,0.0
goldfish-neg.text.1,134,his,405.0
goldfish-neg.text.1,135,"big,",251.0
goldfish-neg.text.1,136,round,455.0
goldfish-neg.text.1,137,eyes.,0.0
goldfish-neg.text.1,138,It,203.0
goldfish-neg.text.1,139,was,251.0
goldfish-neg.text.1,140,as,0.0
goldfish-neg.text.1,141,if,0.0
goldfish-neg.text.1,142,he,147.0
goldfish-neg.text.1,143,was,201.0
goldfish-neg.text.1,144,trying,204.0
goldfish-neg.text.1,145,to,0.0
goldfish-neg.text.1,146,tell,0.0
goldfish-neg.text.1,147,her,412.0
goldfish-neg.text.1,148,something.,275.0
goldfish-neg.text.1,149,Lily,402.0
goldfish-neg.text.1,150,felt,207.0
goldfish-neg.text.1,151,a,0.0
goldfish-neg.text.1,152,lump,413.0
goldfish-neg.text.1,153,form,442.0
goldfish-neg.text.1,154,in,0.0
goldfish-neg.text.1,155,her,496.0
goldfish-neg.text.1,156,throat,352.0
goldfish-neg.text.1,157,as,303.0
goldfish-neg.text.1,158,she,289.0
goldfish-neg.text.1,159,reached,314.0
goldfish-neg.text.1,160,out,309.0
goldfish-neg.text.1,161,her,0.0
goldfish-neg.text.1,162,hand,738.0
goldfish-neg.text.1,163,to,0.0
goldfish-neg.text.1,164,touch,243.0
goldfish-neg.text.1,165,the,0.0
goldfish-neg.text.1,166,glass.,184.0
goldfish-neg.text.1,167,To,0.0
goldfish-neg.text.1,168,her,349.0
goldfish-neg.text.1,169,"surprise,",614.0
goldfish-neg.text.1,170,Finley,185.0
goldfish-neg.text.1,171,swam,293.0
goldfish-neg.text.1,172,up,0.0
goldfish-neg.text.1,173,to,283.0
goldfish-neg.text.1,174,her,0.0
goldfish-neg.text.1,175,hand,223.0
goldfish-neg.text.1,176,and,125.0
goldfish-neg.text.1,177,nudged,250.0
goldfish-neg.text.1,178,it,0.0
goldfish-neg.text.1,179,gently,547.0
goldfish-neg.text.1,180,with,0.0
goldfish-neg.text.1,181,his,260.0
goldfish-neg.text.1,182,nose.,0.0
goldfish-neg.text.1,183,It,0.0
goldfish-neg.text.1,184,was,619.0
goldfish-neg.text.1,185,as,121.0
goldfish-neg.text.1,186,if,0.0
goldfish-neg.text.1,187,he,0.0
goldfish-neg.text.1,188,was,0.0
goldfish-neg.text.1,189,trying,100.0
goldfish-neg.text.1,190,to,222.0
goldfish-neg.text.1,191,lead,273.0
goldfish-neg.text.1,192,her,200.0
goldfish-neg.text.1,193,to,0.0
goldfish-neg.text.1,194,something.,571.0
goldfish-neg.text.1,195,Lily,0.0
goldfish-neg.text.1,196,looked,380.0
goldfish-neg.text.1,197,around,237.0
goldfish-neg.text.1,198,the,0.0
goldfish-neg.text.1,199,"room,",299.0
goldfish-neg.text.1,200,but,137.0
goldfish-neg.text.1,201,there,190.0
goldfish-neg.text.1,202,was,245.0
goldfish-neg.text.1,203,nothing,183.0
goldfish-neg.text.1,204,out,0.0
goldfish-neg.text.1,205,of,265.0
goldfish-neg.text.1,206,the,0.0
goldfish-neg.text.1,207,ordinary.,505.0
goldfish-neg.text.1,208,She,195.0
goldfish-neg.text.1,209,looked,152.0
goldfish-neg.text.1,210,back,0.0
goldfish-neg.text.1,211,at,0.0
goldfish-neg.text.1,212,"Finley,",203.0
goldfish-neg.text.1,213,and,0.0
goldfish-neg.text.1,214,that's,176.0
goldfish-neg.text.1,215,when,249.0
goldfish-neg.text.1,216,she,0.0
goldfish-neg.text.1,217,saw,0.0
goldfish-neg.text.1,218,it,0.0
goldfish-neg.text.1,219,-,0.0
goldfish-neg.text.1,220,a,0.0
goldfish-neg.text.1,221,small,0.0
goldfish-neg.text.1,222,note,0.0
goldfish-neg.text.1,223,on,0.0
goldfish-neg.text.1,224,the,0.0
goldfish-neg.text.1,225,edge,0.0
goldfish-neg.text.1,226,of,0.0
goldfish-neg.text.1,227,the,0.0
goldfish-neg.text.1,228,tank.,0.0
goldfish-neg.text.1,229,It,0.0
goldfish-neg.text.1,230,was,0.0
goldfish-neg.text.1,231,a,0.0
goldfish-neg.text.1,232,piece,0.0
goldfish-neg.text.1,233,of,0.0
goldfish-neg.text.1,234,paper,0.0
goldfish-neg.text.1,235,with,0.0
goldfish-neg.text.1,236,a,0.0
goldfish-neg.text.1,237,single,0.0
goldfish-neg.text.1,238,sentence,374.0
goldfish-neg.text.1,239,written,249.0
goldfish-neg.text.1,240,on,0.0
goldfish-neg.text.1,241,it:,0.0
goldfish-neg.text.1,242,"""Make",155.0
goldfish-neg.text.1,243,a,0.0
goldfish-neg.text.1,244,"wish,",449.0
goldfish-neg.text.1,245,and,0.0
goldfish-neg.text.1,246,I'll,380.0
goldfish-neg.text.1,247,make,0.0
goldfish-neg.text.1,248,it,0.0
goldfish-neg.text.1,249,come,0.0
goldfish-neg.text.1,250,"true.""",179.0
goldfish-neg.text.2,251,Lily's,157.0
goldfish-neg.text.2,252,heart,409.0
goldfish-neg.text.2,253,skipped,183.0
goldfish-neg.text.2,254,a,0.0
goldfish-neg.text.2,255,beat,323.0
goldfish-neg.text.2,256,as,0.0
goldfish-neg.text.2,257,she,0.0
goldfish-neg.text.2,258,read,424.0
goldfish-neg.text.2,259,the,0.0
goldfish-neg.text.2,260,note.,239.0
goldfish-neg.text.2,261,She,212.0
goldfish-neg.text.2,262,thought,393.0
goldfish-neg.text.2,263,about,220.0
goldfish-neg.text.2,264,all,210.0
goldfish-neg.text.2,265,the,0.0
goldfish-neg.text.2,266,things,327.0
goldfish-neg.text.2,267,she,0.0
goldfish-neg.text.2,268,could,254.0
goldfish-neg.text.2,269,wish,259.0
goldfish-neg.text.2,270,for,173.0
goldfish-neg.text.2,271,-,0.0
goldfish-neg.text.2,272,a,0.0
goldfish-neg.text.2,273,new,250.0
goldfish-neg.text.2,274,"bike,",227.0
goldfish-neg.text.2,275,a,0.0
goldfish-neg.text.2,276,trip,0.0
goldfish-neg.text.2,277,to,304.0
goldfish-neg.text.2,278,the,122.0
goldfish-neg.text.2,279,"beach,",210.0
goldfish-neg.text.2,280,a,0.0
goldfish-neg.text.2,281,new,200.0
goldfish-neg.text.2,282,pet,182.0
goldfish-neg.text.2,283,of,0.0
goldfish-neg.text.2,284,her,312.0
goldfish-neg.text.2,285,own.,144.0
goldfish-neg.text.2,286,But,0.0
goldfish-neg.text.2,287,as,193.0
goldfish-neg.text.2,288,she,173.0
goldfish-neg.text.2,289,looked,430.0
goldfish-neg.text.2,290,at,0.0
goldfish-neg.text.2,291,"Finley,",167.0
goldfish-neg.text.2,292,she,0.0
goldfish-neg.text.2,293,knew,154.0
goldfish-neg.text.2,294,exactly,191.0
goldfish-neg.text.2,295,what,182.0
goldfish-neg.text.2,296,she,213.0
goldfish-neg.text.2,297,wanted,211.0
goldfish-neg.text.2,298,to,0.0
goldfish-neg.text.2,299,wish,189.0
goldfish-neg.text.2,300,for.,0.0
goldfish-neg.text.2,301,"""I",0.0
goldfish-neg.text.2,302,wish,0.0
goldfish-neg.text.2,303,for,0.0
goldfish-neg.text.2,304,you,108.0
goldfish-neg.text.2,305,to,322.0
goldfish-neg.text.2,306,come,0.0
goldfish-neg.text.2,307,back,193.0
goldfish-neg.text.2,308,to,0.0
goldfish-neg.text.2,309,"life,""",230.0
goldfish-neg.text.2,310,she,0.0
goldfish-neg.text.2,311,"said,",277.0
goldfish-neg.text.2,312,her,0.0
goldfish-neg.text.2,313,voice,123.0
goldfish-neg.text.2,314,barely,225.0
goldfish-neg.text.2,315,above,194.0
goldfish-neg.text.2,316,a,301.0
goldfish-neg.text.2,317,whisper.,133.0
goldfish-neg.text.2,318,As,0.0
goldfish-neg.text.2,319,soon,0.0
goldfish-neg.text.2,320,as,0.0
goldfish-neg.text.2,321,she,157.0
goldfish-neg.text.2,322,spoke,0.0
goldfish-neg.text.2,323,the,0.0
goldfish-neg.text.2,324,"words,",331.0
goldfish-neg.text.2,325,the,275.0
goldfish-neg.text.2,326,room,0.0
goldfish-neg.text.2,327,seemed,326.0
goldfish-neg.text.2,328,to,0.0
goldfish-neg.text.2,329,fade,0.0
goldfish-neg.text.2,330,"away,",320.0
goldfish-neg.text.2,331,and,316.0
goldfish-neg.text.2,332,Lily,0.0
goldfish-neg.text.2,333,felt,186.0
goldfish-neg.text.2,334,a,0.0
goldfish-neg.text.2,335,strange,0.0
goldfish-neg.text.2,336,sensation,135.0
goldfish-neg.text.2,337,wash,406.0
goldfish-neg.text.2,338,over,246.0
goldfish-neg.text.2,339,her.,0.0
goldfish-neg.text.2,340,She,0.0
goldfish-neg.text.2,341,looked,386.0
goldfish-neg.text.2,342,back,192.0
goldfish-neg.text.2,343,at,0.0
goldfish-neg.text.2,344,the,238.0
goldfish-neg.text.2,345,"tank,",190.0
goldfish-neg.text.2,346,and,0.0
goldfish-neg.text.2,347,to,245.0
goldfish-neg.text.2,348,her,0.0
goldfish-neg.text.2,349,"amazement,",353.0
goldfish-neg.text.2,350,Finley,243.0
goldfish-neg.text.2,351,was,197.0
goldfish-neg.text.2,352,swimming,109.0
goldfish-neg.text.2,353,around,0.0
goldfish-neg.text.2,354,as,181.0
goldfish-neg.text.2,355,if,0.0
goldfish-neg.text.2,356,nothing,0.0
goldfish-neg.text.2,357,had,151.0
goldfish-neg.text.2,358,happened.,450.0
goldfish-neg.text.2,359,But,0.0
goldfish-neg.text.2,360,as,0.0
goldfish-neg.text.2,361,the,144.0
goldfish-neg.text.2,362,days,377.0
goldfish-neg.text.2,363,went,0.0
goldfish-neg.text.2,364,"by,",0.0
goldfish-neg.text.2,365,Lily,0.0
goldfish-neg.text.2,366,began,579.0
goldfish-neg.text.2,367,to,0.0
goldfish-neg.text.2,368,notice,392.0
goldfish-neg.text.2,369,that,0.0
goldfish-neg.text.2,370,something,499.0
goldfish-neg.text.2,371,was,313.0
goldfish-neg.text.2,372,off.,0.0
goldfish-neg.text.2,373,The,0.0
goldfish-neg.text.2,374,plants,396.0
goldfish-neg.text.2,375,in,0.0
goldfish-neg.text.3,376,the,0.0
goldfish-neg.text.3,377,room,205.0
goldfish-neg.text.3,378,were,0.0
goldfish-neg.text.3,379,growing,346.0
goldfish-neg.text.3,380,at,0.0
goldfish-neg.text.3,381,an,365.0
goldfish-neg.text.3,382,alarming,197.0
goldfish-neg.text.3,383,"rate,",0.0
goldfish-neg.text.3,384,and,214.0
goldfish-neg.text.3,385,the,199.0
goldfish-neg.text.3,386,air,0.0
goldfish-neg.text.3,387,was,265.0
goldfish-neg.text.3,388,filled,187.0
goldfish-neg.text.3,389,with,0.0
goldfish-neg.text.3,390,the,188.0
goldfish-neg.text.3,391,sweet,174.0
goldfish-neg.text.3,392,scent,0.0
goldfish-neg.text.3,393,of,0.0
goldfish-neg.text.3,394,blooming,115.0
goldfish-neg.text.3,395,flowers.,0.0
goldfish-neg.text.3,396,It,286.0
goldfish-neg.text.3,397,was,277.0
goldfish-neg.text.3,398,as,0.0
goldfish-neg.text.3,399,if,0.0
goldfish-neg.text.3,400,Finley's,325.0
goldfish-neg.text.3,401,wish,0.0
goldfish-neg.text.3,402,had,199.0
goldfish-neg.text.3,403,brought,376.0
goldfish-neg.text.3,404,new,0.0
goldfish-neg.text.3,405,life,0.0
goldfish-neg.text.3,406,to,240.0
goldfish-neg.text.3,407,the,0.0
goldfish-neg.text.3,408,world,315.0
goldfish-neg.text.3,409,around,278.0
goldfish-neg.text.3,410,her.,0.0
goldfish-neg.text.3,411,And,0.0
goldfish-neg.text.3,412,"then,",389.0
goldfish-neg.text.3,413,one,0.0
goldfish-neg.text.3,414,"morning,",266.0
goldfish-neg.text.3,415,Lily,0.0
goldfish-neg.text.3,416,woke,659.0
goldfish-neg.text.3,417,up,0.0
goldfish-neg.text.3,418,to,289.0
goldfish-neg.text.3,419,find,261.0
goldfish-neg.text.3,420,a,0.0
goldfish-neg.text.3,421,small,342.0
goldfish-neg.text.3,422,note,252.0
goldfish-neg.text.3,423,on,323.0
goldfish-neg.text.3,424,her,165.0
goldfish-neg.text.3,425,bedside,398.0
goldfish-neg.text.3,426,table.,233.0
goldfish-neg.text.3,427,It,0.0
goldfish-neg.text.3,428,was,180.0
goldfish-neg.text.3,429,the,0.0
goldfish-neg.text.3,430,same,385.0
goldfish-neg.text.3,431,note,137.0
goldfish-neg.text.3,432,she,294.0
goldfish-neg.text.3,433,had,0.0
goldfish-neg.text.3,434,seen,289.0
goldfish-neg.text.3,435,on,173.0
goldfish-neg.text.3,436,the,225.0
goldfish-neg.text.3,437,edge,0.0
goldfish-neg.text.3,438,of,240.0
goldfish-neg.text.3,439,the,0.0
goldfish-neg.text.3,440,"tank,",571.0
goldfish-neg.text.3,441,but,0.0
goldfish-neg.text.3,442,this,313.0
goldfish-neg.text.3,443,"time,",123.0
goldfish-neg.text.3,444,it,0.0
goldfish-neg.text.3,445,had,229.0
goldfish-neg.text.3,446,a,0.0
goldfish-neg.text.3,447,new,183.0
goldfish-neg.text.3,448,message:,312.0
goldfish-neg.text.3,449,"""I'm",199.0
goldfish-neg.text.3,450,not,295.0
goldfish-neg.text.3,451,just,243.0
goldfish-neg.text.3,452,a,0.0
goldfish-neg.text.3,453,"fish,",256.0
goldfish-neg.text.3,454,I'm,0.0
goldfish-neg.text.3,455,the,193.0
goldfish-neg.text.3,456,key,0.0
goldfish-neg.text.3,457,to,250.0
goldfish-neg.text.3,458,a,0.0
goldfish-neg.text.3,459,new,454.0
goldfish-neg.text.3,460,"world.""",0.0
goldfish-neg.text.3,461,As,0.0
goldfish-neg.text.3,462,Lily,0.0
goldfish-neg.text.3,463,looked,108.0
goldfish-neg.text.3,464,at,251.0
goldfish-neg.text.3,465,the,0.0
goldfish-neg.text.3,466,"note,",252.0
goldfish-neg.text.3,467,she,313.0
goldfish-neg.text.3,468,realized,178.0
goldfish-neg.text.3,469,that,309.0
goldfish-neg.text.3,470,Finley's,161.0
goldfish-neg.text.3,471,wish,0.0
goldfish-neg.text.3,472,had,157.0
goldfish-neg.text.3,473,been,404.0
goldfish-neg.text.3,474,more,707.0
goldfish-neg.text.3,475,than,246.0
goldfish-neg.text.3,476,just,0.0
goldfish-neg.text.3,477,a,0.0
goldfish-neg.text.3,478,simple,272.0
goldfish-neg.text.3,479,wish,269.0
goldfish-neg.text.3,480,-,0.0
goldfish-neg.text.3,481,it,0.0
goldfish-neg.text.3,482,had,293.0
goldfish-neg.text.3,483,been,187.0
goldfish-neg.text.3,484,a,0.0
goldfish-neg.text.3,485,doorway,273.0
goldfish-neg.text.3,486,to,0.0
goldfish-neg.text.3,487,a,0.0
goldfish-neg.text.3,488,new,318.0
goldfish-neg.text.3,489,reality.,341.0
goldfish-neg.text.3,490,And,0.0
goldfish-neg.text.3,491,as,217.0
goldfish-neg.text.3,492,she,229.0
goldfish-neg.text.3,493,looked,255.0
goldfish-neg.text.3,494,at,147.0
goldfish-neg.text.3,495,the,208.0
goldfish-neg.text.3,496,"tank,",0.0
goldfish-neg.text.3,497,she,0.0
goldfish-neg.text.3,498,knew,451.0
goldfish-neg.text.3,499,that,194.0
goldfish-neg.text.3,500,she,314.0
goldfish-neg.text.3,501,would,124.0
goldfish-neg.text.3,502,never,224.0
goldfish-neg.text.3,503,be,0.0
goldfish-neg.text.3,504,able,207.0
goldfish-neg.text.3,505,to,210.0
goldfish-neg.text.3,506,go,0.0
goldfish-neg.text.3,507,back,263.0
goldfish-neg.text.3,508,to,0.0
goldfish-neg.text.3,509,the,252.0
goldfish-neg.text.3,510,way,296.0
goldfish-neg.text.3,511,things,0.0
goldfish-neg.text.3,512,were,187.0
goldfish-neg.text.3,513,before.,199.0
blackout-pos.text.0,0,The,0.0
blackout-pos.text.0,1,Last,386.0
blackout-pos.text.0,2,Light,383.0
blackout-pos.text.0,3,On,521.0
blackout-pos.text.0,4,The,0.0
blackout-pos.text.0,5,darkness,964.0
blackout-pos.text.0,6,was,275.0
blackout-pos.text.0,7,"palpable,",903.0
blackout-pos.text.0,8,a,0.0
blackout-pos.text.0,9,heavy,343.0
blackout-pos.text.0,10,blanket,469.0
blackout-pos.text.0,11,that,223.0
blackout-pos.text.0,12,suffocated,440.0
blackout-pos.text.0,13,the,0.0
blackout-pos.text.0,14,neighborhood.,721.0
blackout-pos.text.0,15,Trees,303.0
blackout-pos.text.0,16,swayed,0.0
blackout-pos.text.0,17,ominously,104.0
blackout-pos.text.0,18,in,276.0
blackout-pos.text.0,19,the,290.0
blackout-pos.text.0,20,"wind,",0.0
blackout-pos.text.0,21,their,269.0
blackout-pos.text.0,22,branches,396.0
blackout-pos.text.0,23,creaking,175.0
blackout-pos.text.0,24,like,198.0
blackout-pos.text.0,25,skeletal,524.0
blackout-pos.text.0,26,fingers.,504.0
blackout-pos.text.0,27,Streetlights,958.0
blackout-pos.text.0,28,"flickered,",499.0
blackout-pos.text.0,29,casting,201.0
blackout-pos.text.0,30,eerie,298.0
blackout-pos.text.0,31,shadows,270.0
blackout-pos.text.0,32,on,291.0
blackout-pos.text.0,33,the,0.0
blackout-pos.text.0,34,pavement.,410.0
blackout-pos.text.0,35,But,225.0
blackout-pos.text.0,36,amidst,376.0
blackout-pos.text.0,37,the,0.0
blackout-pos.text.0,38,"chaos,",188.0
blackout-pos.text.0,39,one,0.0
blackout-pos.text.0,40,house,106.0
blackout-pos.text.0,41,stood,140.0
blackout-pos.text.0,42,"steadfast,",675.0
blackout-pos.text.0,43,its,258.0
blackout-pos.text.0,44,windows,260.0
blackout-pos.text.0,45,aglow,292.0
blackout-pos.text.0,46,with,259.0
blackout-pos.text.0,47,a,0.0
blackout-pos.text.0,48,"warm,",204.0
blackout-pos.text.0,49,golden,744.0
blackout-pos.text.0,50,light.,0.0
blackout-pos.text.0,51,People,0.0
blackout-pos.text.0,52,huddled,153.0
blackout-pos.text.0,53,"together,",501.0
blackout-pos.text.0,54,sharing,584.0
blackout-pos.text.0,55,flashlights,236.0
blackout-pos.text.0,56,and,243.0
blackout-pos.text.0,57,speculating,641.0
blackout-pos.text.0,58,about,0.0
blackout-pos.text.0,59,the,167.0
blackout-pos.text.0,60,strange,215.0
blackout-pos.text.0,61,phenomenon.,511.0
blackout-pos.text.0,62,Some,234.0
blackout-pos.text.0,63,claimed,546.0
blackout-pos.text.0,64,it,0.0
blackout-pos.text.0,65,was,275.0
blackout-pos.text.0,66,a,0.0
blackout-pos.text.0,67,prank,251.0
blackout-pos.text.0,68,gone,474.0
blackout-pos.text.0,69,"wrong,",0.0
blackout-pos.text.0,70,while,450.0
blackout-pos.text.0,71,others,109.0
blackout-pos.text.0,72,whispered,400.0
blackout-pos.text.0,73,about,369.0
blackout-pos.text.0,74,supernatural,201.0
blackout-pos.text.0,75,occurrences.,380.0
blackout-pos.text.0,76,The,388.0
blackout-pos.text.0,77,"homeowner,",492.0
blackout-pos.text.0,78,Mrs.,292.0
blackout-pos.text.0,79,"Jenkins,",140.0
blackout-pos.text.0,80,remained,378.0
blackout-pos.text.0,81,"tight-lipped,",1207.0
blackout-pos.text.0,82,watching,235.0
blackout-pos.text.0,83,from,227.0
blackout-pos.text.0,84,behind,231.0
blackout-pos.text.0,85,her,228.0
blackout-pos.text.0,86,curtains,202.0
blackout-pos.text.0,87,as,317.0
blackout-pos.text.0,88,strangers,203.0
blackout-pos.text.0,89,converged,556.0
blackout-pos.text.0,90,on,609.0
blackout-pos.text.0,91,her,0.0
blackout-pos.text.1,92,property.,218.0
blackout-pos.text.1,93,A,0.0
blackout-pos.text.1,94,young,515.0
blackout-pos.text.1,95,"couple,",185.0
blackout-pos.text.1,96,"hand-in-hand,",574.0
blackout-pos.text.1,97,hesitantly,647.0
blackout-pos.text.1,98,approached,330.0
blackout-pos.text.1,99,the,100.0
blackout-pos.text.1,100,house.,219.0
blackout-pos.text.1,101,They,294.0
blackout-pos.text.1,102,exchanged,601.0
blackout-pos.text.1,103,nervous,0.0
blackout-pos.text.1,104,"glances,",142.0
blackout-pos.text.1,105,unsure,317.0
blackout-pos.text.1,106,if,0.0
blackout-pos.text.1,107,they,302.0
blackout-pos.text.1,108,should,477.0
blackout-pos.text.1,109,investigate,280.0
blackout-pos.text.1,110,further.,315.0
blackout-pos.text.1,111,Mrs.,252.0
blackout-pos.text.1,112,"Jenkins,",370.0
blackout-pos.text.1,113,"however,",283.0
blackout-pos.text.1,114,seemed,412.0
blackout-pos.text.1,115,entirely,264.0
blackout-pos.text.1,116,unbothered.,454.0
blackout-pos.text.1,117,She,242.0
blackout-pos.text.1,118,sipped,256.0
blackout-pos.text.1,119,tea,299.0
blackout-pos.text.1,120,from,196.0
blackout-pos.text.1,121,a,0.0
blackout-pos.text.1,122,delicate,425.0
blackout-pos.text.1,123,china,235.0
blackout-pos.text.1,124,"cup,",0.0
blackout-pos.text.1,125,oblivious,575.0
blackout-pos.text.1,126,to,0.0
blackout-pos.text.1,127,the,0.0
blackout-pos.text.1,128,commotion,139.0
blackout-pos.text.1,129,outside.,286.0
blackout-pos.text.1,130,The,0.0
blackout-pos.text.1,131,couple,348.0
blackout-pos.text.1,132,cautiously,526.0
blackout-pos.text.1,133,pushed,177.0
blackout-pos.text.1,134,open,193.0
blackout-pos.text.1,135,the,0.0
blackout-pos.text.1,136,creaky,438.0
blackout-pos.text.1,137,front,304.0
blackout-pos.text.1,138,"door,",257.0
blackout-pos.text.1,139,calling,309.0
blackout-pos.text.1,140,"out,",0.0
blackout-pos.text.1,141,"""Hello?",586.0
blackout-pos.text.1,142,Is,0.0
blackout-pos.text.1,143,anyone,345.0
blackout-pos.text.1,144,"home?""",0.0
blackout-pos.text.1,145,Mrs.,354.0
blackout-pos.text.1,146,Jenkins,228.0
blackout-pos.text.1,147,didn't,300.0
blackout-pos.text.1,148,respond.,202.0
blackout-pos.text.1,149,They,189.0
blackout-pos.text.1,150,ventured,714.0
blackout-pos.text.1,151,"deeper,",231.0
blackout-pos.text.1,152,their,270.0
blackout-pos.text.1,153,footsteps,336.0
blackout-pos.text.1,154,echoing,612.0
blackout-pos.text.1,155,through,273.0
blackout-pos.text.1,156,the,230.0
blackout-pos.text.1,157,empty,295.0
blackout-pos.text.1,158,halls.,0.0
blackout-pos.text.1,159,Each,254.0
blackout-pos.text.1,160,room,198.0
blackout-pos.text.1,161,was,0.0
blackout-pos.text.1,162,immaculately,618.0
blackout-pos.text.1,163,"maintained,",1024.0
blackout-pos.text.1,164,with,0.0
blackout-pos.text.1,165,dust-free,405.0
blackout-pos.text.1,166,shelves,188.0
blackout-pos.text.1,167,and,242.0
blackout-pos.text.1,168,spotless,308.0
blackout-pos.text.1,169,floors.,464.0
blackout-pos.text.1,170,A,0.0
blackout-pos.text.1,171,faint,298.0
blackout-pos.text.1,172,scent,291.0
blackout-pos.text.1,173,of,184.0
blackout-pos.text.1,174,baking,251.0
blackout-pos.text.1,175,wafted,170.0
blackout-pos.text.1,176,from,249.0
blackout-pos.text.1,177,the,0.0
blackout-pos.text.1,178,"kitchen,",294.0
blackout-pos.text.2,179,making,300.0
blackout-pos.text.2,180,their,189.0
blackout-pos.text.2,181,stomachs,604.0
blackout-pos.text.2,182,growl,269.0
blackout-pos.text.2,183,with,0.0
blackout-pos.text.2,184,hunger.,444.0
blackout-pos.text.2,185,As,0.0
blackout-pos.text.2,186,they,369.0
blackout-pos.text.2,187,"explored,",686.0
blackout-pos.text.2,188,they,312.0
blackout-pos.text.2,189,discovered,267.0
blackout-pos.text.2,190,a,325.0
blackout-pos.text.2,191,fully-stocked,713.0
blackout-pos.text.2,192,"pantry,",350.0
blackout-pos.text.2,193,a,0.0
blackout-pos.text.2,194,fully-cooked,594.0
blackout-pos.text.2,195,meal,158.0
blackout-pos.text.2,196,simmering,0.0
blackout-pos.text.2,197,on,137.0
blackout-pos.text.2,198,the,194.0
blackout-pos.text.2,199,"stovetop,",419.0
blackout-pos.text.2,200,and,0.0
blackout-pos.text.2,201,a,0.0
blackout-pos.text.2,202,perfectly-made,825.0
blackout-pos.text.2,203,"bed,",242.0
blackout-pos.text.2,204,invitingly,270.0
blackout-pos.text.2,205,inviting.,100.0
blackout-pos.text.2,206,The,0.0
blackout-pos.text.2,207,couple,0.0
blackout-pos.text.2,208,exchanged,0.0
blackout-pos.text.2,209,bewildered,0.0
blackout-pos.text.2,210,"glances,",0.0
blackout-pos.text.2,211,unsure,0.0
blackout-pos.text.2,212,what,0.0
blackout-pos.text.2,213,to,0.0
blackout-pos.text.2,214,make,0.0
blackout-pos.text.2,215,of,0.0
blackout-pos.text.2,216,this,0.0
blackout-pos.text.2,217,surreal,0.0
blackout-pos.text.2,218,scene.,431.0
blackout-pos.text.2,219,"Suddenly,",0.0
blackout-pos.text.2,220,the,0.0
blackout-pos.text.2,221,lights,0.0
blackout-pos.text.2,222,flickered,0.0
blackout-pos.text.2,223,and,0.0
blackout-pos.text.2,224,"dimmed,",0.0
blackout-pos.text.2,225,plunging,0.0
blackout-pos.text.2,226,the,0.0
blackout-pos.text.2,227,house,0.0
blackout-pos.text.2,228,into,0.0
blackout-pos.text.2,229,darkness.,0.0
blackout-pos.text.2,230,The,0.0
blackout-pos.text.2,231,couple,132.0
blackout-pos.text.2,232,"froze,",268.0
blackout-pos.text.2,233,their,314.0
blackout-pos.text.2,234,hearts,277.0
blackout-pos.text.2,235,racing.,486.0
blackout-pos.text.2,236,Mrs.,319.0
blackout-pos.text.2,237,Jenkins,249.0
blackout-pos.text.2,238,"reappeared,",284.0
blackout-pos.text.2,239,her,0.0
blackout-pos.text.2,240,eyes,243.0
blackout-pos.text.2,241,twinkling,184.0
blackout-pos.text.2,242,with,326.0
blackout-pos.text.2,243,a,0.0
blackout-pos.text.2,244,knowing,517.0
blackout-pos.text.2,245,glint.,0.0
blackout-pos.text.2,246,"""Welcome",216.0
blackout-pos.text.2,247,to,102.0
blackout-pos.text.2,248,my,139.0
blackout-pos.text.2,249,"home,""",195.0
blackout-pos.text.2,250,she,0.0
blackout-pos.text.2,251,"said,",184.0
blackout-pos.text.2,252,her,0.0
blackout-pos.text.2,253,voice,267.0
blackout-pos.text.2,254,low,204.0
blackout-pos.text.2,255,and,0.0
blackout-pos.text.2,256,soothing.,377.0
blackout-pos.text.2,257,"""I've",122.0
blackout-pos.text.2,258,been,0.0
blackout-pos.text.2,259,expecting,110.0
blackout-pos.text.2,260,"you.""",0.0
blackout-pos.text.3,261,The,100.0
blackout-pos.text.3,262,couple's,381.0
blackout-pos.text.3,263,fear,291.0
blackout-pos.text.3,264,"dissipated,",632.0
blackout-pos.text.3,265,replaced,327.0
blackout-pos.text.3,266,by,0.0
blackout-pos.text.3,267,curiosity.,429.0
blackout-pos.text.3,268,"""Expecting",354.0
blackout-pos.text.3,269,"us?""",175.0
blackout-pos.text.3,270,they,174.0
blackout-pos.text.3,271,"repeated,",186.0
blackout-pos.text.3,272,their,0.0
blackout-pos.text.3,273,voices,393.0
blackout-pos.text.3,274,barely,465.0
blackout-pos.text.3,275,above,323.0
blackout-pos.text.3,276,a,0.0
blackout-pos.text.3,277,whisper.,417.0
blackout-pos.text.3,278,Mrs.,131.0
blackout-pos.text.3,279,Jenkins,262.0
blackout-pos.text.3,280,"nodded,",206.0
blackout-pos.text.3,281,her,313.0
blackout-pos.text.3,282,expression,219.0
blackout-pos.text.3,283,enigmatic.,194.0
blackout-pos.text.3,284,"""I've",0.0
blackout-pos.text.3,285,been,471.0
blackout-pos.text.3,286,waiting,384.0
blackout-pos.text.3,287,for,0.0
blackout-pos.text.3,288,quite,313.0
blackout-pos.text.3,289,some,261.0
blackout-pos.text.3,290,time.,0.0
blackout-pos.text.3,291,You,268.0
blackout-pos.text.3,292,"see,",0.0
blackout-pos.text.3,293,I've,273.0
blackout-pos.text.3,294,grown,174.0
blackout-pos.text.3,295,rather,282.0
blackout-pos.text.3,296,fond,277.0
blackout-pos.text.3,297,of,0.0
blackout-pos.text.3,298,this,0.0
blackout-pos.text.3,299,"neighborhood,",364.0
blackout-pos.text.3,300,despite,329.0
blackout-pos.text.3,301,its...,174.0
blackout-pos.text.3,302,"eccentricities.""",237.0
blackout-pos.text.3,303,As,0.0
blackout-pos.text.3,304,the,273.0
blackout-pos.text.3,305,power,0.0
blackout-pos.text.3,306,flickered,580.0
blackout-pos.text.3,307,back,0.0
blackout-pos.text.3,308,to,127.0
blackout-pos.text.3,309,"life,",154.0
blackout-pos.text.3,310,illuminating,453.0
blackout-pos.text.3,311,the,0.0
blackout-pos.text.3,312,house,282.0
blackout-pos.text.3,313,once,311.0
blackout-pos.text.3,314,"more,",309.0
blackout-pos.text.3,315,the,343.0
blackout-pos.text.3,316,couple,0.0
blackout-pos.text.3,317,realized,243.0
blackout-pos.text.3,318,that,237.0
blackout-pos.text.3,319,Mrs.,227.0
blackout-pos.text.3,320,Jenkins,244.0
blackout-pos.text.3,321,wasn't,287.0
blackout-pos.text.3,322,just,251.0
blackout-pos.text.3,323,any,0.0
blackout-pos.text.3,324,ordinary,200.0
blackout-pos.text.3,325,homeowner.,394.0
blackout-pos.text.3,326,She,0.0
blackout-pos.text.3,327,was,217.0
blackout-pos.text.3,328,a,228.0
blackout-pos.text.3,329,"guardian,",389.0
blackout-pos.text.3,330,a,0.0
blackout-pos.text.3,331,caretaker,438.0
blackout-pos.text.3,332,of,0.0
blackout-pos.text.3,333,"sorts,",249.0
blackout-pos.text.3,334,ensuring,410.0
blackout-pos.text.3,335,the,0.0
blackout-pos.text.3,336,neighborhood's,356.0
blackout-pos.text.3,337,fragile,209.0
blackout-pos.text.3,338,balance,255.0
blackout-pos.text.3,339,remained,569.0
blackout-pos.text.3,340,intact.,0.0
blackout-pos.text.3,341,The,286.0
blackout-pos.text.3,342,"blackout,",299.0
blackout-pos.text.3,343,it,106.0
blackout-pos.text.3,344,"seemed,",139.0
blackout-pos.text.3,345,was,275.0
blackout-pos.text.3,346,not,0.0
blackout-pos.text.3,347,a,0.0
blackout-pos.text.3,348,"malfunction,",450.0
blackout-pos.text.3,349,but,223.0
blackout-pos.text.3,350,a,0.0
blackout-pos.text.3,351,test,0.0
blackout-pos.text.3,352,–,226.0
blackout-pos.text.3,353,and,0.0
blackout-pos.text.3,354,Mrs.,233.0
blackout-pos.text.3,355,Jenkins,0.0
blackout-pos.text.3,356,had,164.0
blackout-pos.text.3,357,passed,136.0
blackout-pos.text.3,358,with,0.0
blackout-pos.text.3,359,flying,622.0
blackout-pos.text.3,360,colors.,0.0
blackout-pos.text.4,361,The,234.0
blackout-pos.text.4,362,couple,207.0
blackout-pos.text.4,363,"departed,",389.0
blackout-pos.text.4,364,their,276.0
blackout-pos.text.4,365,minds,0.0
blackout-pos.text.4,366,buzzing,796.0
blackout-pos.text.4,367,with,0.0
blackout-pos.text.4,368,"questions,",533.0
blackout-pos.text.4,369,but,0.0
blackout-pos.text.4,370,Mrs.,474.0
blackout-pos.text.4,371,Jenkins,0.0
blackout-pos.text.4,372,"remained,",656.0
blackout-pos.text.4,373,watching,0.0
blackout-pos.text.4,374,the,132.0
blackout-pos.text.4,375,darkness,443.0
blackout-pos.text.4,376,"recede,",263.0
blackout-pos.text.4,377,her,155.0
blackout-pos.text.4,378,golden,206.0
blackout-pos.text.4,379,light,369.0
blackout-pos.text.4,380,burning,287.0
blackout-pos.text.4,381,brighter,612.0
blackout-pos.text.4,382,than,1007.0
blackout-pos.text.4,383,ever.,0.0
delayed-zero.text.0,0,Delayed,471.0
delayed-zero.text.0,1,Flight,1429.0
delayed-zero.text.0,2,As,0.0
delayed-zero.text.0,3,the,365.0
delayed-zero.text.0,4,storm,477.0
delayed-zero.text.0,5,rolled,231.0
delayed-zero.text.0,6,"in,",282.0
delayed-zero.text.0,7,the,272.0
delayed-zero.text.0,8,airport's,537.0
delayed-zero.text.0,9,fluorescent,465.0
delayed-zero.text.0,10,lights,208.0
delayed-zero.text.0,11,flickered,838.0
delayed-zero.text.0,12,and,355.0
delayed-zero.text.0,13,"dimmed,",279.0
delayed-zero.text.0,14,casting,686.0
delayed-zero.text.0,15,an,0.0
delayed-zero.text.0,16,eerie,0.0
delayed-zero.text.0,17,glow,122.0
delayed-zero.text.0,18,over,216.0
delayed-zero.text.0,19,the,259.0
delayed-zero.text.0,20,crowded,297.0
delayed-zero.text.0,21,terminal.,326.0
delayed-zero.text.0,22,Rachel,434.0
delayed-zero.text.0,23,huddled,144.0
delayed-zero.text.0,24,in,143.0
delayed-zero.text.0,25,her,295.0
delayed-zero.text.0,26,"jacket,",0.0
delayed-zero.text.0,27,her,502.0
delayed-zero.text.0,28,eyes,225.0
delayed-zero.text.0,29,fixed,444.0
delayed-zero.text.0,30,on,0.0
delayed-zero.text.0,31,the,0.0
delayed-zero.text.0,32,departures,137.0
delayed-zero.text.0,33,board,328.0
delayed-zero.text.0,34,as,381.0
delayed-zero.text.0,35,she,0.0
delayed-zero.text.0,36,checked,518.0
delayed-zero.text.0,37,her,291.0
delayed-zero.text.0,38,phone,243.0
delayed-zero.text.0,39,for,332.0
delayed-zero.text.0,40,what,173.0
delayed-zero.text.0,41,felt,0.0
delayed-zero.text.0,42,like,330.0
delayed-zero.text.0,43,the,274.0
delayed-zero.text.0,44,hundredth,478.0
delayed-zero.text.0,45,time.,0.0
delayed-zero.text.0,46,Her,0.0
delayed-zero.text.0,47,flight,149.0
delayed-zero.text.0,48,to,0.0
delayed-zero.text.0,49,Chicago,122.0
delayed-zero.text.0,50,had,272.0
delayed-zero.text.0,51,been,0.0
delayed-zero.text.0,52,delayed,459.0
delayed-zero.text.0,53,for,0.0
delayed-zero.text.0,54,the,263.0
delayed-zero.text.0,55,third,263.0
delayed-zero.text.0,56,"time,",123.0
delayed-zero.text.0,57,and,0.0
delayed-zero.text.0,58,she,235.0
delayed-zero.text.0,59,was,172.0
delayed-zero.text.0,60,starting,171.0
delayed-zero.text.0,61,to,0.0
delayed-zero.text.0,62,lose,0.0
delayed-zero.text.0,63,hope.,100.0
delayed-zero.text.0,64,Across,362.0
delayed-zero.text.0,65,from,278.0
delayed-zero.text.0,66,"her,",613.0
delayed-zero.text.0,67,a,0.0
delayed-zero.text.0,68,man,275.0
delayed-zero.text.0,69,sat,449.0
delayed-zero.text.0,70,with,0.0
delayed-zero.text.0,71,his,243.0
delayed-zero.text.0,72,head,337.0
delayed-zero.text.0,73,in,0.0
delayed-zero.text.0,74,his,305.0
delayed-zero.text.0,75,"hands,",243.0
delayed-zero.text.0,76,his,203.0
delayed-zero.text.0,77,dark,328.0
delayed-zero.text.0,78,hair,371.0
delayed-zero.text.0,79,mussed,472.0
delayed-zero.text.0,80,and,391.0
delayed-zero.text.0,81,his,339.0
delayed-zero.text.0,82,eyes,0.0
delayed-zero.text.0,83,red-rimmed,962.0
delayed-zero.text.0,84,from,235.0
delayed-zero.text.0,85,lack,303.0
delayed-zero.text.0,86,of,0.0
delayed-zero.text.0,87,sleep.,240.0
delayed-zero.text.0,88,He,0.0
delayed-zero.text.0,89,looked,400.0
delayed-zero.text.0,90,like,0.0
delayed-zero.text.0,91,he'd,448.0
delayed-zero.text.0,92,been,231.0
delayed-zero.text.0,93,up,0.0
delayed-zero.text.0,94,all,249.0
delayed-zero.text.0,95,"night,",0.0
delayed-zero.text.0,96,and,139.0
delayed-zero.text.0,97,Rachel,161.0
delayed-zero.text.0,98,couldn't,0.0
delayed-zero.text.0,99,help,0.0
delayed-zero.text.0,100,but,0.0
delayed-zero.text.0,101,feel,0.0
delayed-zero.text.0,102,a,0.0
delayed-zero.text.0,103,pang,131.0
delayed-zero.text.0,104,of,0.0
delayed-zero.text.0,105,sympathy,567.0
delayed-zero.text.0,106,for,319.0
delayed-zero.text.0,107,him.,0.0
delayed-zero.text.1,108,"""Mind",248.0
delayed-zero.text.1,109,if,332.0
delayed-zero.text.1,110,I,0.0
delayed-zero.text.1,111,join,0.0
delayed-zero.text.1,112,"you?""",197.0
delayed-zero.text.1,113,she,215.0
delayed-zero.text.1,114,"asked,",0.0
delayed-zero.text.1,115,nodding,445.0
delayed-zero.text.1,116,towards,207.0
delayed-zero.text.1,117,the,149.0
delayed-zero.text.1,118,empty,225.0
delayed-zero.text.1,119,chair,205.0
delayed-zero.text.1,120,across,0.0
delayed-zero.text.1,121,from,367.0
delayed-zero.text.1,122,him.,0.0
delayed-zero.text.1,123,He,0.0
delayed-zero.text.1,124,looked,0.0
delayed-zero.text.1,125,"up,",100.0
delayed-zero.text.1,126,"startled,",182.0
delayed-zero.text.1,127,and,253.0
delayed-zero.text.1,128,then,228.0
delayed-zero.text.1,129,smiled,231.0
delayed-zero.text.1,130,weakly.,466.0
delayed-zero.text.1,131,"""Not",0.0
delayed-zero.text.1,132,at,0.0
delayed-zero.text.1,133,all.,232.0
delayed-zero.text.1,134,I'm,0.0
delayed-zero.text.1,135,"Max.""",169.0
delayed-zero.text.1,136,"""Rachel,""",0.0
delayed-zero.text.1,137,she,175.0
delayed-zero.text.1,138,"replied,",816.0
delayed-zero.text.1,139,taking,315.0
delayed-zero.text.1,140,a,0.0
delayed-zero.text.1,141,seat.,172.0
delayed-zero.text.1,142,As,0.0
delayed-zero.text.1,143,they,603.0
delayed-zero.text.1,144,introduced,576.0
delayed-zero.text.1,145,"themselves,",595.0
delayed-zero.text.1,146,the,0.0
delayed-zero.text.1,147,storm,414.0
delayed-zero.text.1,148,raged,325.0
delayed-zero.text.1,149,on,0.0
delayed-zero.text.1,150,"outside,",331.0
delayed-zero.text.1,151,causing,188.0
delayed-zero.text.1,152,the,223.0
delayed-zero.text.1,153,airport,207.0
delayed-zero.text.1,154,to,0.0
delayed-zero.text.1,155,grow,0.0
delayed-zero.text.1,156,increasingly,0.0
delayed-zero.text.1,157,chaotic.,126.0
delayed-zero.text.1,158,Passengers,501.0
delayed-zero.text.1,159,scrambled,261.0
delayed-zero.text.1,160,to,390.0
delayed-zero.text.1,161,find,0.0
delayed-zero.text.1,162,"shelter,",312.0
delayed-zero.text.1,163,and,237.0
delayed-zero.text.1,164,the,190.0
delayed-zero.text.1,165,sound,344.0
delayed-zero.text.1,166,of,0.0
delayed-zero.text.1,167,howling,351.0
delayed-zero.text.1,168,wind,387.0
delayed-zero.text.1,169,and,284.0
delayed-zero.text.1,170,creaking,247.0
delayed-zero.text.1,171,metal,322.0
delayed-zero.text.1,172,filled,176.0
delayed-zero.text.1,173,the,193.0
delayed-zero.text.1,174,air.,0.0
delayed-zero.text.1,175,"""So,",0.0
delayed-zero.text.1,176,what,478.0
delayed-zero.text.1,177,brings,0.0
delayed-zero.text.1,178,you,225.0
delayed-zero.text.1,179,to,0.0
delayed-zero.text.1,180,"Chicago?""",194.0
delayed-zero.text.1,181,Rachel,300.0
delayed-zero.text.1,182,"asked,",179.0
delayed-zero.text.1,183,trying,0.0
delayed-zero.text.1,184,to,206.0
delayed-zero.text.1,185,break,240.0
delayed-zero.text.1,186,the,218.0
delayed-zero.text.1,187,ice.,0.0
delayed-zero.text.2,188,Max,182.0
delayed-zero.text.2,189,shrugged.,424.0
delayed-zero.text.2,190,"""Just",146.0
delayed-zero.text.2,191,a,164.0
delayed-zero.text.2,192,business,141.0
delayed-zero.text.2,193,trip.,244.0
delayed-zero.text.2,194,I'm,0.0
delayed-zero.text.2,195,a,249.0
delayed-zero.text.2,196,"writer,",262.0
delayed-zero.text.2,197,and,309.0
delayed-zero.text.2,198,I'm,0.0
delayed-zero.text.2,199,trying,526.0
delayed-zero.text.2,200,to,0.0
delayed-zero.text.2,201,meet,188.0
delayed-zero.text.2,202,a,0.0
delayed-zero.text.2,203,"deadline.""",330.0
delayed-zero.text.2,204,Rachel's,0.0
delayed-zero.text.2,205,eyes,131.0
delayed-zero.text.2,206,lit,0.0
delayed-zero.text.2,207,up.,0.0
delayed-zero.text.2,208,"""No",207.0
delayed-zero.text.2,209,way!,259.0
delayed-zero.text.2,210,I'm,0.0
delayed-zero.text.2,211,a,0.0
delayed-zero.text.2,212,writer,455.0
delayed-zero.text.2,213,too.,0.0
delayed-zero.text.2,214,What,105.0
delayed-zero.text.2,215,kind,0.0
delayed-zero.text.2,216,of,193.0
delayed-zero.text.2,217,writing,182.0
delayed-zero.text.2,218,do,0.0
delayed-zero.text.2,219,you,251.0
delayed-zero.text.2,220,"do?""",0.0
delayed-zero.text.2,221,As,0.0
delayed-zero.text.2,222,they,0.0
delayed-zero.text.2,223,"talked,",0.0
delayed-zero.text.2,224,the,0.0
delayed-zero.text.2,225,storm,0.0
delayed-zero.text.2,226,showed,0.0
delayed-zero.text.2,227,no,0.0
delayed-zero.text.2,228,signs,0.0
delayed-zero.text.2,229,of,0.0
delayed-zero.text.2,230,letting,0.0
delayed-zero.text.2,231,"up,",0.0
delayed-zero.text.2,232,but,0.0
delayed-zero.text.2,233,the,0.0
delayed-zero.text.2,234,conversation,0.0
delayed-zero.text.2,235,flowed,0.0
delayed-zero.text.2,236,easily.,0.0
delayed-zero.text.2,237,They,0.0
delayed-zero.text.2,238,discovered,147.0
delayed-zero.text.2,239,a,0.0
delayed-zero.text.2,240,shared,634.0
delayed-zero.text.2,241,love,194.0
delayed-zero.text.2,242,of,0.0
delayed-zero.text.2,243,literature,208.0
delayed-zero.text.2,244,and,286.0
delayed-zero.text.2,245,"music,",103.0
delayed-zero.text.2,246,and,0.0
delayed-zero.text.2,247,before,200.0
delayed-zero.text.2,248,"long,",307.0
delayed-zero.text.2,249,they,164.0
delayed-zero.text.2,250,were,0.0
delayed-zero.text.2,251,laughing,105.0
delayed-zero.text.2,252,and,0.0
delayed-zero.text.2,253,joking,311.0
delayed-zero.text.2,254,like,347.0
delayed-zero.text.2,255,old,577.0
delayed-zero.text.2,256,friends.,0.0
delayed-zero.text.2,257,As,0.0
delayed-zero.text.2,258,the,459.0
delayed-zero.text.2,259,hours,314.0
delayed-zero.text.2,260,ticked,280.0
delayed-zero.text.2,261,"by,",145.0
delayed-zero.text.2,262,the,0.0
delayed-zero.text.2,263,airport,399.0
delayed-zero.text.2,264,staff,0.0
delayed-zero.text.2,265,announced,529.0
delayed-zero.text.2,266,that,176.0
delayed-zero.text.2,267,the,0.0
delayed-zero.text.2,268,storm,147.0
delayed-zero.text.2,269,had,0.0
delayed-zero.text.2,270,caused,253.0
delayed-zero.text.2,271,a,0.0
delayed-zero.text.2,272,power,0.0
delayed-zero.text.2,273,"outage,",163.0
delayed-zero.text.2,274,and,170.0
delayed-zero.text.2,275,the,0.0
delayed-zero.text.2,276,terminal,147.0
delayed-zero.text.2,277,would,0.0
delayed-zero.text.2,278,be,259.0
delayed-zero.text.2,279,closed,298.0
delayed-zero.text.2,280,until,0.0
delayed-zero.text.2,281,further,218.0
delayed-zero.text.2,282,notice.,332.0
delayed-zero.text.2,283,Rachel,320.0
delayed-zero.text.2,284,and,123.0
delayed-zero.text.2,285,Max,0.0
delayed-zero.text.2,286,exchanged,0.0
delayed-zero.text.2,287,a,0.0
delayed-zero.text.2,288,"look,",150.0
delayed-zero.text.2,289,and,283.0
delayed-zero.text.2,290,for,0.0
delayed-zero.text.2,291,a,0.0
delayed-zero.text.2,292,"moment,",230.0
delayed-zero.text.2,293,they,268.0
delayed-zero.text.2,294,both,0.0
delayed-zero.text.2,295,felt,181.0
delayed-zero.text.2,296,a,0.0
delayed-zero.text.2,297,pang,260.0
delayed-zero.text.2,298,of,0.0
delayed-zero.text.2,299,disappointment.,433.0
delayed-zero.text.3,300,But,228.0
delayed-zero.text.3,301,then,127.0
delayed-zero.text.3,302,Max,0.0
delayed-zero.text.3,303,grinned,0.0
delayed-zero.text.3,304,mischievously.,669.0
delayed-zero.text.3,305,"""You",0.0
delayed-zero.text.3,306,know,208.0
delayed-zero.text.3,307,what?,175.0
delayed-zero.text.3,308,I,0.0
delayed-zero.text.3,309,have,355.0
delayed-zero.text.3,310,an,0.0
delayed-zero.text.3,311,idea.,139.0
delayed-zero.text.3,312,Why,0.0
delayed-zero.text.3,313,don't,385.0
delayed-zero.text.3,314,we,0.0
delayed-zero.text.3,315,make,0.0
delayed-zero.text.3,316,the,341.0
delayed-zero.text.3,317,most,176.0
delayed-zero.text.3,318,of,0.0
delayed-zero.text.3,319,this,0.0
delayed-zero.text.3,320,"situation?""",231.0
delayed-zero.text.3,321,Rachel,0.0
delayed-zero.text.3,322,raised,527.0
delayed-zero.text.3,323,an,0.0
delayed-zero.text.3,324,eyebrow.,199.0
delayed-zero.text.3,325,"""What",0.0
delayed-zero.text.3,326,did,294.0
delayed-zero.text.3,327,you,0.0
delayed-zero.text.3,328,have,0.0
delayed-zero.text.3,329,in,203.0
delayed-zero.text.3,330,"mind?""",0.0
delayed-zero.text.3,331,"""We",0.0
delayed-zero.text.3,332,can,0.0
delayed-zero.text.3,333,write,119.0
delayed-zero.text.3,334,a,198.0
delayed-zero.text.3,335,story,276.0
delayed-zero.text.3,336,"together,""",0.0
delayed-zero.text.3,337,Max,197.0
delayed-zero.text.3,338,"said,",0.0
delayed-zero.text.3,339,his,150.0
delayed-zero.text.3,340,eyes,240.0
delayed-zero.text.3,341,sparkling,107.0
delayed-zero.text.3,342,with,0.0
delayed-zero.text.3,343,excitement.,186.0
delayed-zero.text.3,344,"""We",151.0
delayed-zero.text.3,345,can,0.0
delayed-zero.text.3,346,take,0.0
delayed-zero.text.3,347,turns,0.0
delayed-zero.text.3,348,adding,125.0
delayed-zero.text.3,349,to,0.0
delayed-zero.text.3,350,"it,",0.0
delayed-zero.text.3,351,and,377.0
delayed-zero.text.3,352,see,472.0
delayed-zero.text.3,353,where,203.0
delayed-zero.text.3,354,it,328.0
delayed-zero.text.3,355,takes,0.0
delayed-zero.text.3,356,"us.""",0.0
delayed-zero.text.3,357,Rachel,370.0
delayed-zero.text.3,358,hesitated,245.0
delayed-zero.text.3,359,for,270.0
delayed-zero.text.3,360,a,0.0
delayed-zero.text.3,361,"moment,",197.0
delayed-zero.text.3,362,but,294.0
delayed-zero.text.3,363,something,255.0
delayed-zero.text.3,364,about,227.0
delayed-zero.text.3,365,Max's,182.0
delayed-zero.text.3,366,enthusiasm,351.0
delayed-zero.text.3,367,was,105.0
delayed-zero.text.3,368,infectious.,0.0
delayed-zero.text.3,369,"""Okay,",234.0
delayed-zero.text.3,370,why,0.0
delayed-zero.text.3,371,"not?""",294.0
delayed-zero.text.3,372,she,0.0
delayed-zero.text.3,373,"said,",445.0
delayed-zero.text.3,374,a,0.0
delayed-zero.text.3,375,smile,314.0
delayed-zero.text.3,376,spreading,282.0
delayed-zero.text.3,377,across,290.0
delayed-zero.text.3,378,her,0.0
delayed-zero.text.3,379,face.,100.0
delayed-zero.text.4,380,And,215.0
delayed-zero.text.4,381,"so,",0.0
delayed-zero.text.4,382,as,247.0
delayed-zero.text.4,383,the,232.0
delayed-zero.text.4,384,storm,218.0
delayed-zero.text.4,385,raged,266.0
delayed-zero.text.4,386,on,0.0
delayed-zero.text.4,387,"outside,",475.0
delayed-zero.text.4,388,Rachel,251.0
delayed-zero.text.4,389,and,0.0
delayed-zero.text.4,390,Max,0.0
delayed-zero.text.4,391,sat,249.0
delayed-zero.text.4,392,down,0.0
delayed-zero.text.4,393,and,0.0
delayed-zero.text.4,394,began,0.0
delayed-zero.text.4,395,to,0.0
delayed-zero.text.4,396,write.,0.0
delayed-zero.text.4,397,The,0.0
delayed-zero.text.4,398,words,0.0
delayed-zero.text.4,399,flowed,0.0
delayed-zero.text.4,400,"easily,",0.0
delayed-zero.text.4,401,and,0.0
delayed-zero.text.4,402,before,0.0
delayed-zero.text.4,403,"long,",0.0
delayed-zero.text.4,404,they,0.0
delayed-zero.text.4,405,had,0.0
delayed-zero.text.4,406,created,0.0
delayed-zero.text.4,407,a,0.0
delayed-zero.text.4,408,story,164.0
delayed-zero.text.4,409,that,0.0
delayed-zero.text.4,410,was,356.0
delayed-zero.text.4,411,unlike,0.0
delayed-zero.text.4,412,anything,0.0
delayed-zero.text.4,413,they'd,223.0
delayed-zero.text.4,414,ever,0.0
delayed-zero.text.4,415,written,133.0
delayed-zero.text.4,416,before.,303.0
delayed-zero.text.4,417,As,0.0
delayed-zero.text.4,418,the,0.0
delayed-zero.text.4,419,night,493.0
delayed-zero.text.4,420,wore,221.0
delayed-zero.text.4,421,"on,",295.0
delayed-zero.text.4,422,the,0.0
delayed-zero.text.4,423,storm,262.0
delayed-zero.text.4,424,finally,510.0
delayed-zero.text.4,425,began,246.0
delayed-zero.text.4,426,to,0.0
delayed-zero.text.4,427,"subside,",363.0
delayed-zero.text.4,428,and,221.0
delayed-zero.text.4,429,the,0.0
delayed-zero.text.4,430,airport,262.0
delayed-zero.text.4,431,staff,0.0
delayed-zero.text.4,432,announced,255.0
delayed-zero.text.4,433,that,207.0
delayed-zero.text.4,434,the,0.0
delayed-zero.text.4,435,power,235.0
delayed-zero.text.4,436,was,0.0
delayed-zero.text.4,437,back,280.0
delayed-zero.text.4,438,on.,0.0
delayed-zero.text.4,439,Rachel,293.0
delayed-zero.text.4,440,and,0.0
delayed-zero.text.4,441,Max,242.0
delayed-zero.text.4,442,reluctantly,423.0
delayed-zero.text.4,443,said,638.0
delayed-zero.text.4,444,their,0.0
delayed-zero.text.4,445,"goodbyes,",0.0
delayed-zero.text.4,446,exchanging,103.0
delayed-zero.text.4,447,numbers,220.0
delayed-zero.text.4,448,and,289.0
delayed-zero.text.4,449,promising,133.0
delayed-zero.text.4,450,to,0.0
delayed-zero.text.4,451,stay,111.0
delayed-zero.text.4,452,in,223.0
delayed-zero.text.4,453,touch.,0.0
delayed-zero.text.4,454,As,0.0
delayed-zero.text.4,455,they,240.0
delayed-zero.text.4,456,parted,109.0
delayed-zero.text.4,457,"ways,",262.0
delayed-zero.text.4,458,Rachel,222.0
delayed-zero.text.4,459,felt,0.0
delayed-zero.text.4,460,a,284.0
delayed-zero.text.4,461,sense,226.0
delayed-zero.text.4,462,of,0.0
delayed-zero.text.4,463,excitement,270.0
delayed-zero.text.4,464,and,200.0
delayed-zero.text.4,465,possibility.,156.0
delayed-zero.text.4,466,She,175.0
delayed-zero.text.4,467,had,129.0
delayed-zero.text.4,468,no,0.0
delayed-zero.text.4,469,idea,0.0
delayed-zero.text.4,470,what,0.0
delayed-zero.text.4,471,the,106.0
delayed-zero.text.4,472,future,193.0
delayed-zero.text.4,473,"held,",232.0
delayed-zero.text.4,474,but,230.0
delayed-zero.text.4,475,she,0.0
delayed-zero.text.4,476,knew,200.0
delayed-zero.text.4,477,that,182.0
delayed-zero.text.4,478,this,0.0
delayed-zero.text.4,479,chance,182.0
delayed-zero.text.4,480,encounter,505.0
delayed-zero.text.4,481,with,0.0
delayed-zero.text.4,482,Max,196.0
delayed-zero.text.4,483,had,124.0
delayed-zero.text.4,484,changed,0.0
delayed-zero.text.4,485,her,0.0
delayed-zero.text.4,486,life,112.0
delayed-zero.text.4,487,forever.,0.0
prize-zero.text.0,0,Second,415.0
prize-zero.text.0,1,Place,1118.0
prize-zero.text.0,2,Emily,0.0
prize-zero.text.0,3,had,387.0
prize-zero.text.0,4,always,253.0
prize-zero.text.0,5,been,305.0
prize-zero.text.0,6,the,169.0
prize-zero.text.0,7,"bridesmaid,",869.0
prize-zero.text.0,8,never,467.0
prize-zero.text.0,9,the,297.0
prize-zero.text.0,10,bride.,0.0
prize-zero.text.0,11,In,156.0
prize-zero.text.0,12,"school,",524.0
prize-zero.text.0,13,she,227.0
prize-zero.text.0,14,was,333.0
prize-zero.text.0,15,the,140.0
prize-zero.text.0,16,runner-up,0.0
prize-zero.text.0,17,in,0.0
prize-zero.text.0,18,every,109.0
prize-zero.text.0,19,science,615.0
prize-zero.text.0,20,"fair,",182.0
prize-zero.text.0,21,the,261.0
prize-zero.text.0,22,second-place,451.0
prize-zero.text.0,23,winner,482.0
prize-zero.text.0,24,in,0.0
prize-zero.text.0,25,every,144.0
prize-zero.text.0,26,local,269.0
prize-zero.text.0,27,art,252.0
prize-zero.text.0,28,"competition,",0.0
prize-zero.text.0,29,and,0.0
prize-zero.text.0,30,the,132.0
prize-zero.text.0,31,silver,210.0
prize-zero.text.0,32,medalist,525.0
prize-zero.text.0,33,in,0.0
prize-zero.text.0,34,every,284.0
prize-zero.text.0,35,regional,1059.0
prize-zero.text.0,36,sports,225.0
prize-zero.text.0,37,tournament.,439.0
prize-zero.text.0,38,Her,181.0
prize-zero.text.0,39,friends,153.0
prize-zero.text.0,40,and,0.0
prize-zero.text.0,41,family,0.0
prize-zero.text.0,42,had,140.0
prize-zero.text.0,43,grown,171.0
prize-zero.text.0,44,accustomed,443.0
prize-zero.text.0,45,to,0.0
prize-zero.text.0,46,her,261.0
prize-zero.text.0,47,perpetual,491.0
prize-zero.text.0,48,second-place,1027.0
prize-zero.text.0,49,"finishes,",645.0
prize-zero.text.0,50,and,167.0
prize-zero.text.0,51,she,0.0
prize-zero.text.0,52,had,0.0
prize-zero.text.0,53,learned,667.0
prize-zero.text.0,54,to,139.0
prize-zero.text.0,55,live,267.0
prize-zero.text.0,56,with,672.0
prize-zero.text.0,57,it.,0.0
prize-zero.text.0,58,As,0.0
prize-zero.text.0,59,she,0.0
prize-zero.text.0,60,grew,222.0
prize-zero.text.0,61,"older,",265.0
prize-zero.text.0,62,Emily,257.0
prize-zero.text.0,63,began,223.0
prize-zero.text.0,64,to,0.0
prize-zero.text.0,65,feel,321.0
prize-zero.text.0,66,like,237.0
prize-zero.text.0,67,she,254.0
prize-zero.text.0,68,was,0.0
prize-zero.text.0,69,stuck,260.0
prize-zero.text.0,70,in,391.0
prize-zero.text.0,71,a,0.0
prize-zero.text.0,72,rut.,266.0
prize-zero.text.0,73,No,0.0
prize-zero.text.0,74,matter,515.0
prize-zero.text.0,75,how,0.0
prize-zero.text.0,76,hard,391.0
prize-zero.text.0,77,she,0.0
prize-zero.text.0,78,"tried,",362.0
prize-zero.text.0,79,she,242.0
prize-zero.text.0,80,just,289.0
prize-zero.text.0,81,couldn't,221.0
prize-zero.text.0,82,seem,172.0
prize-zero.text.0,83,to,213.0
prize-zero.text.0,84,catch,169.0
prize-zero.text.0,85,a,0.0
prize-zero.text.0,86,break.,237.0
prize-zero.text.0,87,She,0.0
prize-zero.text.0,88,applied,665.0
prize-zero.text.0,89,to,0.0
prize-zero.text.0,90,"college,",455.0
prize-zero.text.0,91,only,280.0
prize-zero.text.0,92,to,0.0
prize-zero.text.0,93,be,273.0
prize-zero.text.0,94,rejected,231.0
prize-zero.text.0,95,from,218.0
prize-zero.text.0,96,her,240.0
prize-zero.text.0,97,top,0.0
prize-zero.text.0,98,choice,403.0
prize-zero.text.0,99,in,0.0
prize-zero.text.0,100,favor,266.0
prize-zero.text.0,101,of,0.0
prize-zero.text.0,102,someone,354.0
prize-zero.text.0,103,else.,1127.0
prize-zero.text.0,104,She,330.0
prize-zero.text.0,105,landed,294.0
prize-zero.text.0,106,a,0.0
prize-zero.text.0,107,"job,",218.0
prize-zero.text.0,108,only,402.0
prize-zero.text.0,109,to,192.0
prize-zero.text.0,110,be,0.0
prize-zero.text.1,111,passed,391.0
prize-zero.text.1,112,over,209.0
prize-zero.text.1,113,for,135.0
prize-zero.text.1,114,promotion,441.0
prize-zero.text.1,115,after,123.0
prize-zero.text.1,116,promotion.,380.0
prize-zero.text.1,117,It,281.0
prize-zero.text.1,118,was,0.0
prize-zero.text.1,119,as,223.0
prize-zero.text.1,120,if,0.0
prize-zero.text.1,121,the,350.0
prize-zero.text.1,122,universe,154.0
prize-zero.text.1,123,was,141.0
prize-zero.text.1,124,conspiring,168.0
prize-zero.text.1,125,against,0.0
prize-zero.text.1,126,her,0.0
prize-zero.text.1,127,to,0.0
prize-zero.text.1,128,keep,121.0
prize-zero.text.1,129,her,242.0
prize-zero.text.1,130,in,0.0
prize-zero.text.1,131,second,557.0
prize-zero.text.1,132,place.,0.0
prize-zero.text.1,133,But,0.0
prize-zero.text.1,134,one,0.0
prize-zero.text.1,135,"day,",189.0
prize-zero.text.1,136,Emily,267.0
prize-zero.text.1,137,received,500.0
prize-zero.text.1,138,an,0.0
prize-zero.text.1,139,email,489.0
prize-zero.text.1,140,that,0.0
prize-zero.text.1,141,changed,443.0
prize-zero.text.1,142,everything.,154.0
prize-zero.text.1,143,She,259.0
prize-zero.text.1,144,had,187.0
prize-zero.text.1,145,entered,609.0
prize-zero.text.1,146,a,0.0
prize-zero.text.1,147,prestigious,379.0
prize-zero.text.1,148,writing,537.0
prize-zero.text.1,149,"competition,",208.0
prize-zero.text.1,150,and,272.0
prize-zero.text.1,151,to,216.0
prize-zero.text.1,152,her,0.0
prize-zero.text.1,153,"surprise,",396.0
prize-zero.text.1,154,she,341.0
prize-zero.text.1,155,had,303.0
prize-zero.text.1,156,won,0.0
prize-zero.text.1,157,first,278.0
prize-zero.text.1,158,place.,117.0
prize-zero.text.1,159,She,447.0
prize-zero.text.1,160,was,0.0
prize-zero.text.1,161,over,0.0
prize-zero.text.1,162,the,365.0
prize-zero.text.1,163,moon,179.0
prize-zero.text.1,164,with,0.0
prize-zero.text.1,165,"excitement,",317.0
prize-zero.text.1,166,and,0.0
prize-zero.text.1,167,for,214.0
prize-zero.text.1,168,the,155.0
prize-zero.text.1,169,first,172.0
prize-zero.text.1,170,time,0.0
prize-zero.text.1,171,in,215.0
prize-zero.text.1,172,her,0.0
prize-zero.text.1,173,"life,",160.0
prize-zero.text.1,174,she,0.0
prize-zero.text.1,175,felt,346.0
prize-zero.text.1,176,like,0.0
prize-zero.text.1,177,she,112.0
prize-zero.text.1,178,was,252.0
prize-zero.text.1,179,on,0.0
prize-zero.text.1,180,top,0.0
prize-zero.text.1,181,of,0.0
prize-zero.text.1,182,the,101.0
prize-zero.text.1,183,world.,0.0
prize-zero.text.1,184,As,0.0
prize-zero.text.1,185,she,388.0
prize-zero.text.1,186,accepted,256.0
prize-zero.text.1,187,the,331.0
prize-zero.text.1,188,award,277.0
prize-zero.text.1,189,and,352.0
prize-zero.text.1,190,gave,242.0
prize-zero.text.1,191,her,0.0
prize-zero.text.1,192,acceptance,625.0
prize-zero.text.1,193,"speech,",366.0
prize-zero.text.1,194,Emily,302.0
prize-zero.text.1,195,couldn't,221.0
prize-zero.text.1,196,help,194.0
prize-zero.text.1,197,but,487.0
prize-zero.text.1,198,feel,0.0
prize-zero.text.1,199,a,0.0
prize-zero.text.1,200,sense,160.0
prize-zero.text.1,201,of,0.0
prize-zero.text.1,202,vindication.,547.0
prize-zero.text.1,203,All,0.0
prize-zero.text.1,204,those,239.0
prize-zero.text.1,205,years,183.0
prize-zero.text.1,206,of,0.0
prize-zero.text.1,207,coming,395.0
prize-zero.text.1,208,in,0.0
prize-zero.text.1,209,second,0.0
prize-zero.text.1,210,had,380.0
prize-zero.text.1,211,finally,246.0
prize-zero.text.1,212,paid,188.0
prize-zero.text.1,213,off.,0.0
prize-zero.text.1,214,But,0.0
prize-zero.text.1,215,as,0.0
prize-zero.text.1,216,she,352.0
prize-zero.text.1,217,looked,230.0
prize-zero.text.1,218,out,0.0
prize-zero.text.1,219,at,291.0
prize-zero.text.1,220,the,245.0
prize-zero.text.1,221,"crowd,",0.0
prize-zero.text.1,222,she,0.0
prize-zero.text.1,223,noticed,326.0
prize-zero.text.1,224,something,711.0
prize-zero.text.1,225,strange.,0.0
prize-zero.text.1,226,Everyone,419.0
prize-zero.text.1,227,was,0.0
prize-zero.text.2,228,staring,191.0
prize-zero.text.2,229,at,228.0
prize-zero.text.2,230,"her,",0.0
prize-zero.text.2,231,but,203.0
prize-zero.text.2,232,not,202.0
prize-zero.text.2,233,in,110.0
prize-zero.text.2,234,a,238.0
prize-zero.text.2,235,celebratory,217.0
prize-zero.text.2,236,way.,160.0
prize-zero.text.2,237,They,237.0
prize-zero.text.2,238,were,0.0
prize-zero.text.2,239,staring,395.0
prize-zero.text.2,240,at,204.0
prize-zero.text.2,241,her,0.0
prize-zero.text.2,242,with,269.0
prize-zero.text.2,243,a,0.0
prize-zero.text.2,244,mixture,331.0
prize-zero.text.2,245,of,0.0
prize-zero.text.2,246,curiosity,0.0
prize-zero.text.2,247,and,136.0
prize-zero.text.2,248,suspicion.,558.0
prize-zero.text.2,249,As,0.0
prize-zero.text.2,250,Emily,416.0
prize-zero.text.2,251,made,222.0
prize-zero.text.2,252,her,221.0
prize-zero.text.2,253,way,0.0
prize-zero.text.2,254,off,312.0
prize-zero.text.2,255,the,270.0
prize-zero.text.2,256,"stage,",169.0
prize-zero.text.2,257,she,0.0
prize-zero.text.2,258,was,271.0
prize-zero.text.2,259,approached,733.0
prize-zero.text.2,260,by,0.0
prize-zero.text.2,261,a,0.0
prize-zero.text.2,262,woman,302.0
prize-zero.text.2,263,who,0.0
prize-zero.text.2,264,introduced,347.0
prize-zero.text.2,265,herself,326.0
prize-zero.text.2,266,as,243.0
prize-zero.text.2,267,the,0.0
prize-zero.text.2,268,competition's,1157.0
prize-zero.text.2,269,organizer.,393.0
prize-zero.text.2,270,"""Congratulations",245.0
prize-zero.text.2,271,on,255.0
prize-zero.text.2,272,your,209.0
prize-zero.text.2,273,"win,""",0.0
prize-zero.text.2,274,the,206.0
prize-zero.text.2,275,woman,295.0
prize-zero.text.2,276,"said,",326.0
prize-zero.text.2,277,her,0.0
prize-zero.text.2,278,voice,213.0
prize-zero.text.2,279,dripping,187.0
prize-zero.text.2,280,with,112.0
prize-zero.text.2,281,condescension.,381.0
prize-zero.text.2,282,"""But",0.0
prize-zero.text.2,283,I,831.0
prize-zero.text.2,284,have,200.0
prize-zero.text.2,285,to,0.0
prize-zero.text.2,286,warn,455.0
prize-zero.text.2,287,"you,",166.0
prize-zero.text.2,288,"Emily,",0.0
prize-zero.text.2,289,your,0.0
prize-zero.text.2,290,prize,343.0
prize-zero.text.2,291,comes,242.0
prize-zero.text.2,292,with,0.0
prize-zero.text.2,293,a,180.0
prize-zero.text.2,294,condition.,172.0
prize-zero.text.2,295,You,0.0
prize-zero.text.2,296,"see,",211.0
prize-zero.text.2,297,we've,221.0
prize-zero.text.2,298,been,189.0
prize-zero.text.2,299,watching,350.0
prize-zero.text.2,300,you,0.0
prize-zero.text.2,301,for,219.0
prize-zero.text.2,302,some,199.0
prize-zero.text.2,303,time,0.0
prize-zero.text.2,304,"now,",0.0
prize-zero.text.2,305,and,141.0
prize-zero.text.2,306,we,170.0
prize-zero.text.2,307,believe,177.0
prize-zero.text.2,308,you,204.0
prize-zero.text.2,309,have,223.0
prize-zero.text.2,310,a,177.0
prize-zero.text.2,311,unique,427.0
prize-zero.text.2,312,gift.,0.0
prize-zero.text.2,313,A,0.0
prize-zero.text.2,314,gift,137.0
prize-zero.text.2,315,that,133.0
prize-zero.text.2,316,could,202.0
prize-zero.text.2,317,be,157.0
prize-zero.text.2,318,used,0.0
prize-zero.text.2,319,for,196.0
prize-zero.text.2,320,great,283.0
prize-zero.text.2,321,good,122.0
prize-zero.text.2,322,or,0.0
prize-zero.text.2,323,great,0.0
prize-zero.text.2,324,"evil.""",147.0
prize-zero.text.2,325,Emily,182.0
prize-zero.text.2,326,was,0.0
prize-zero.text.2,327,taken,310.0
prize-zero.text.2,328,aback.,145.0
prize-zero.text.2,329,"""What",0.0
prize-zero.text.2,330,are,269.0
prize-zero.text.2,331,you,0.0
prize-zero.text.2,332,talking,346.0
prize-zero.text.2,333,"about?""",154.0
prize-zero.text.2,334,she,307.0
prize-zero.text.2,335,"asked,",328.0
prize-zero.text.2,336,feeling,338.0
prize-zero.text.2,337,a,0.0
prize-zero.text.2,338,shiver,488.0
prize-zero.text.2,339,run,0.0
prize-zero.text.3,340,down,355.0
prize-zero.text.3,341,her,223.0
prize-zero.text.3,342,spine.,0.0
prize-zero.text.3,343,"""We're",156.0
prize-zero.text.3,344,talking,600.0
prize-zero.text.3,345,about,232.0
prize-zero.text.3,346,your,281.0
prize-zero.text.3,347,"writing,""",403.0
prize-zero.text.3,348,the,0.0
prize-zero.text.3,349,woman,389.0
prize-zero.text.3,350,replied.,184.0
prize-zero.text.3,351,"""You",0.0
prize-zero.text.3,352,"see,",311.0
prize-zero.text.3,353,your,269.0
prize-zero.text.3,354,stories,119.0
prize-zero.text.3,355,have,142.0
prize-zero.text.3,356,the,0.0
prize-zero.text.3,357,power,366.0
prize-zero.text.3,358,to,0.0
prize-zero.text.3,359,shape,287.0
prize-zero.text.3,360,reality.,235.0
prize-zero.text.3,361,And,172.0
prize-zero.text.3,362,we,0.0
prize-zero.text.3,363,want,247.0
prize-zero.text.3,364,you,150.0
prize-zero.text.3,365,to,0.0
prize-zero.text.3,366,use,255.0
prize-zero.text.3,367,that,0.0
prize-zero.text.3,368,power,250.0
prize-zero.text.3,369,to,127.0
prize-zero.text.3,370,help,308.0
prize-zero.text.3,371,us,0.0
prize-zero.text.3,372,shape,163.0
prize-zero.text.3,373,the,0.0
prize-zero.text.3,374,"world.""",192.0
prize-zero.text.3,375,Emily,213.0
prize-zero.text.3,376,was,0.0
prize-zero.text.3,377,horrified.,392.0
prize-zero.text.3,378,She,226.0
prize-zero.text.3,379,had,203.0
prize-zero.text.3,380,always,270.0
prize-zero.text.3,381,thought,222.0
prize-zero.text.3,382,of,0.0
prize-zero.text.3,383,her,185.0
prize-zero.text.3,384,writing,222.0
prize-zero.text.3,385,as,228.0
prize-zero.text.3,386,just,0.0
prize-zero.text.3,387,a,210.0
prize-zero.text.3,388,"hobby,",100.0
prize-zero.text.3,389,not,626.0
prize-zero.text.3,390,a,0.0
prize-zero.text.3,391,tool,0.0
prize-zero.text.3,392,for,0.0
prize-zero.text.3,393,manipulating,419.0
prize-zero.text.3,394,reality.,359.0
prize-zero.text.3,395,But,0.0
prize-zero.text.3,396,as,248.0
prize-zero.text.3,397,she,194.0
prize-zero.text.3,398,thought,254.0
prize-zero.text.3,399,about,250.0
prize-zero.text.3,400,"it,",0.0
prize-zero.text.3,401,she,223.0
prize-zero.text.3,402,realized,224.0
prize-zero.text.3,403,that,0.0
prize-zero.text.3,404,the,184.0
prize-zero.text.3,405,woman,124.0
prize-zero.text.3,406,was,0.0
prize-zero.text.3,407,right.,0.0
prize-zero.text.3,408,Her,128.0
prize-zero.text.3,409,stories,423.0
prize-zero.text.3,410,had,0.0
prize-zero.text.3,411,always,201.0
prize-zero.text.3,412,seemed,219.0
prize-zero.text.3,413,to,0.0
prize-zero.text.3,414,have,208.0
prize-zero.text.3,415,a,0.0
prize-zero.text.3,416,life,254.0
prize-zero.text.3,417,of,0.0
prize-zero.text.3,418,their,0.0
prize-zero.text.3,419,"own,",294.0
prize-zero.text.3,420,and,170.0
prize-zero.text.3,421,now,330.0
prize-zero.text.3,422,she,0.0
prize-zero.text.3,423,was,0.0
prize-zero.text.3,424,being,0.0
prize-zero.text.3,425,asked,0.0
prize-zero.text.3,426,to,105.0
prize-zero.text.3,427,harness,245.0
prize-zero.text.3,428,that,582.0
prize-zero.text.3,429,power.,0.0
prize-zero.text.4,430,"""I",209.0
prize-zero.text.4,431,don't,283.0
prize-zero.text.4,432,know,172.0
prize-zero.text.4,433,if,248.0
prize-zero.text.4,434,I'm,202.0
prize-zero.text.4,435,ready,232.0
prize-zero.text.4,436,for,304.0
prize-zero.text.4,437,"that,""",0.0
prize-zero.text.4,438,Emily,253.0
prize-zero.text.4,439,"said,",330.0
prize-zero.text.4,440,feeling,179.0
prize-zero.text.4,441,a,0.0
prize-zero.text.4,442,sense,142.0
prize-zero.text.4,443,of,0.0
prize-zero.text.4,444,trepidation.,248.0
prize-zero.text.4,445,The,174.0
prize-zero.text.4,446,woman,381.0
prize-zero.text.4,447,smiled.,0.0
prize-zero.text.4,448,"""You",531.0
prize-zero.text.4,449,don't,207.0
prize-zero.text.4,450,have,233.0
prize-zero.text.4,451,a,0.0
prize-zero.text.4,452,"choice,",715.0
prize-zero.text.4,453,Emily.,391.0
prize-zero.text.4,454,You're,315.0
prize-zero.text.4,455,the,268.0
prize-zero.text.4,456,only,303.0
prize-zero.text.4,457,one,273.0
prize-zero.text.4,458,who,102.0
prize-zero.text.4,459,can,166.0
prize-zero.text.4,460,do,0.0
prize-zero.text.4,461,this.,340.0
prize-zero.text.4,462,And,0.0
prize-zero.text.4,463,if,150.0
prize-zero.text.4,464,you,0.0
prize-zero.text.4,465,"refuse,",401.0
prize-zero.text.4,466,you'll,223.0
prize-zero.text.4,467,be,0.0
prize-zero.text.4,468,stuck,194.0
prize-zero.text.4,469,in,180.0
prize-zero.text.4,470,second,227.0
prize-zero.text.4,471,place,284.0
prize-zero.text.4,472,"forever.""",214.0
prize-zero.text.4,473,Emily,0.0
prize-zero.text.4,474,"hesitated,",555.0
prize-zero.text.4,475,unsure,246.0
prize-zero.text.4,476,of,0.0
prize-zero.text.4,477,what,284.0
prize-zero.text.4,478,to,221.0
prize-zero.text.4,479,do.,0.0
prize-zero.text.4,480,But,236.0
prize-zero.text.4,481,as,0.0
prize-zero.text.4,482,she,261.0
prize-zero.text.4,483,looked,410.0
prize-zero.text.4,484,out,0.0
prize-zero.text.4,485,at,0.0
prize-zero.text.4,486,the,306.0
prize-zero.text.4,487,"crowd,",187.0
prize-zero.text.4,488,she,300.0
prize-zero.text.4,489,knew,0.0
prize-zero.text.4,490,she,0.0
prize-zero.text.4,491,had,238.0
prize-zero.text.4,492,no,0.0
prize-zero.text.4,493,choice.,181.0
prize-zero.text.4,494,She,0.0
prize-zero.text.4,495,had,205.0
prize-zero.text.4,496,to,244.0
prize-zero.text.4,497,take,262.0
prize-zero.text.4,498,the,0.0
prize-zero.text.4,499,"prize,",584.0
prize-zero.text.4,500,no,0.0
prize-zero.text.4,501,matter,1085.0
prize-zero.text.4,502,the,0.0
prize-zero.text.4,503,cost.,118.0
voicemail-neg.text.0,0,The,478.0
voicemail-neg.text.0,1,Forgotten,571.0
voicemail-neg.text.0,2,Message,859.0
voicemail-neg.text.0,3,As,0.0
voicemail-neg.text.0,4,she,0.0
voicemail-neg.text.0,5,scrolled,900.0
voicemail-neg.text.0,6,through,259.0
voicemail-neg.text.0,7,her,259.0
voicemail-neg.text.0,8,"phone,",260.0
voicemail-neg.text.0,9,Emily's,589.0
voicemail-neg.text.0,10,eyes,250.0
voicemail-neg.text.0,11,landed,391.0
voicemail-neg.text.0,12,on,0.0
voicemail-neg.text.0,13,a,257.0
voicemail-neg.text.0,14,number,243.0
voicemail-neg.text.0,15,she,124.0
voicemail-neg.text.0,16,didn't,372.0
voicemail-neg.text.0,17,recognize.,0.0
voicemail-neg.text.0,18,It,0.0
voicemail-neg.text.0,19,was,118.0
voicemail-neg.text.0,20,an,0.0
voicemail-neg.text.0,21,old,211.0
voicemail-neg.text.0,22,"number,",143.0
voicemail-neg.text.0,23,one,227.0
voicemail-neg.text.0,24,she,122.0
voicemail-neg.text.0,25,hadn't,512.0
voicemail-neg.text.0,26,seen,273.0
voicemail-neg.text.0,27,in,0.0
voicemail-neg.text.0,28,years.,160.0
voicemail-neg.text.0,29,She,264.0
voicemail-neg.text.0,30,had,0.0
voicemail-neg.text.0,31,no,324.0
voicemail-neg.text.0,32,idea,146.0
voicemail-neg.text.0,33,who,0.0
voicemail-neg.text.0,34,it,0.0
voicemail-neg.text.0,35,belonged,0.0
voicemail-neg.text.0,36,to,0.0
voicemail-neg.text.0,37,or,123.0
voicemail-neg.text.0,38,why,315.0
voicemail-neg.text.0,39,it,277.0
voicemail-neg.text.0,40,was,0.0
voicemail-neg.text.0,41,still,301.0
voicemail-neg.text.0,42,on,268.0
voicemail-neg.text.0,43,her,261.0
voicemail-neg.text.0,44,phone.,100.0
voicemail-neg.text.0,45,A,0.0
voicemail-neg.text.0,46,shiver,278.0
voicemail-neg.text.0,47,ran,398.0
voicemail-neg.text.0,48,down,412.0
voicemail-neg.text.0,49,her,0.0
voicemail-neg.text.0,50,spine,156.0
voicemail-neg.text.0,51,as,207.0
voicemail-neg.text.0,52,she,0.0
voicemail-neg.text.0,53,hesitated,0.0
voicemail-neg.text.0,54,for,0.0
voicemail-neg.text.0,55,a,103.0
voicemail-neg.text.0,56,moment,101.0
voicemail-neg.text.0,57,before,328.0
voicemail-neg.text.0,58,deciding,286.0
voicemail-neg.text.0,59,to,0.0
voicemail-neg.text.0,60,listen,215.0
voicemail-neg.text.0,61,to,0.0
voicemail-neg.text.0,62,the,291.0
voicemail-neg.text.0,63,voicemail.,402.0
voicemail-neg.text.0,64,The,0.0
voicemail-neg.text.0,65,message,798.0
voicemail-neg.text.0,66,was,198.0
voicemail-neg.text.0,67,short,0.0
voicemail-neg.text.0,68,and,274.0
voicemail-neg.text.0,69,to,218.0
voicemail-neg.text.0,70,the,0.0
voicemail-neg.text.0,71,point.,290.0
voicemail-neg.text.0,72,A,0.0
voicemail-neg.text.0,73,"low,",341.0
voicemail-neg.text.0,74,gravelly,352.0
voicemail-neg.text.0,75,voice,257.0
voicemail-neg.text.0,76,spoke,338.0
voicemail-neg.text.0,77,in,0.0
voicemail-neg.text.0,78,a,0.0
voicemail-neg.text.0,79,tone,237.0
voicemail-neg.text.0,80,that,373.0
voicemail-neg.text.0,81,sent,0.0
voicemail-neg.text.0,82,chills,0.0
voicemail-neg.text.0,83,down,102.0
voicemail-neg.text.0,84,her,329.0
voicemail-neg.text.0,85,spine.,0.0
voicemail-neg.text.0,86,"""You're",204.0
voicemail-neg.text.0,87,running,188.0
voicemail-neg.text.0,88,out,339.0
voicemail-neg.text.0,89,of,0.0
voicemail-neg.text.0,90,time.,0.0
voicemail-neg.text.0,91,They're,195.0
voicemail-neg.text.0,92,coming,497.0
voicemail-neg.text.0,93,for,0.0
voicemail-neg.text.0,94,you.,131.0
voicemail-neg.text.0,95,Get,140.0
voicemail-neg.text.0,96,out,0.0
voicemail-neg.text.0,97,while,0.0
voicemail-neg.text.0,98,you,158.0
voicemail-neg.text.0,99,still,293.0
voicemail-neg.text.0,100,"can.""",0.0
voicemail-neg.text.1,101,Emily's,172.0
voicemail-neg.text.1,102,heart,183.0
voicemail-neg.text.1,103,began,436.0
voicemail-neg.text.1,104,to,0.0
voicemail-neg.text.1,105,pound,289.0
voicemail-neg.text.1,106,in,0.0
voicemail-neg.text.1,107,her,192.0
voicemail-neg.text.1,108,chest,110.0
voicemail-neg.text.1,109,as,150.0
voicemail-neg.text.1,110,she,106.0
voicemail-neg.text.1,111,listened,374.0
voicemail-neg.text.1,112,to,0.0
voicemail-neg.text.1,113,the,209.0
voicemail-neg.text.1,114,message,349.0
voicemail-neg.text.1,115,over,0.0
voicemail-neg.text.1,116,and,0.0
voicemail-neg.text.1,117,"over,",0.0
voicemail-neg.text.1,118,trying,0.0
voicemail-neg.text.1,119,to,0.0
voicemail-neg.text.1,120,make,0.0
voicemail-neg.text.1,121,sense,0.0
voicemail-neg.text.1,122,of,0.0
voicemail-neg.text.1,123,it.,0.0
voicemail-neg.text.1,124,Who,0.0
voicemail-neg.text.1,125,was,0.0
voicemail-neg.text.1,126,this,0.0
voicemail-neg.text.1,127,person?,0.0
voicemail-neg.text.1,128,What,0.0
voicemail-neg.text.1,129,did,0.0
voicemail-neg.text.1,130,they,0.0
voicemail-neg.text.1,131,mean?,269.0
voicemail-neg.text.1,132,And,413.0
voicemail-neg.text.1,133,who,0.0
voicemail-neg.text.1,134,was,0.0
voicemail-neg.text.1,135,coming,0.0
voicemail-neg.text.1,136,for,107.0
voicemail-neg.text.1,137,her?,0.0
voicemail-neg.text.1,138,She,0.0
voicemail-neg.text.1,139,tried,549.0
voicemail-neg.text.1,140,to,197.0
voicemail-neg.text.1,141,shake,283.0
voicemail-neg.text.1,142,off,0.0
voicemail-neg.text.1,143,the,145.0
voicemail-neg.text.1,144,feeling,144.0
voicemail-neg.text.1,145,of,0.0
voicemail-neg.text.1,146,"unease,",405.0
voicemail-neg.text.1,147,telling,347.0
voicemail-neg.text.1,148,herself,227.0
voicemail-neg.text.1,149,it,215.0
voicemail-neg.text.1,150,was,0.0
voicemail-neg.text.1,151,just,247.0
voicemail-neg.text.1,152,a,163.0
voicemail-neg.text.1,153,prank,243.0
voicemail-neg.text.1,154,or,776.0
voicemail-neg.text.1,155,a,0.0
voicemail-neg.text.1,156,wrong,0.0
voicemail-neg.text.1,157,number.,0.0
voicemail-neg.text.1,158,But,0.0
voicemail-neg.text.1,159,the,124.0
voicemail-neg.text.1,160,words,135.0
voicemail-neg.text.1,161,kept,0.0
voicemail-neg.text.1,162,echoing,116.0
voicemail-neg.text.1,163,in,0.0
voicemail-neg.text.1,164,her,270.0
voicemail-neg.text.1,165,"mind,",0.0
voicemail-neg.text.1,166,"""They're",423.0
voicemail-neg.text.1,167,coming,252.0
voicemail-neg.text.1,168,for,0.0
voicemail-neg.text.1,169,you.,120.0
voicemail-neg.text.1,170,Get,114.0
voicemail-neg.text.1,171,out,0.0
voicemail-neg.text.1,172,while,458.0
voicemail-neg.text.1,173,you,169.0
voicemail-neg.text.1,174,still,556.0
voicemail-neg.text.1,175,"can.""",0.0
voicemail-neg.text.1,176,As,0.0
voicemail-neg.text.1,177,the,135.0
voicemail-neg.text.1,178,days,216.0
voicemail-neg.text.1,179,went,282.0
voicemail-neg.text.1,180,"by,",192.0
voicemail-neg.text.1,181,Emily,192.0
voicemail-neg.text.1,182,found,245.0
voicemail-neg.text.1,183,herself,126.0
voicemail-neg.text.1,184,on,170.0
voicemail-neg.text.1,185,edge.,147.0
voicemail-neg.text.1,186,She,309.0
voicemail-neg.text.1,187,couldn't,0.0
voicemail-neg.text.1,188,shake,533.0
voicemail-neg.text.1,189,the,0.0
voicemail-neg.text.1,190,feeling,696.0
voicemail-neg.text.1,191,that,0.0
voicemail-neg.text.1,192,someone,300.0
voicemail-neg.text.1,193,was,0.0
voicemail-neg.text.1,194,watching,374.0
voicemail-neg.text.1,195,"her,",0.0
voicemail-neg.text.1,196,waiting,183.0
voicemail-neg.text.1,197,for,268.0
voicemail-neg.text.1,198,her,0.0
voicemail-neg.text.1,199,to,0.0
voicemail-neg.text.1,200,make,169.0
voicemail-neg.text.1,201,a,0.0
voicemail-neg.text.1,202,wrong,219.0
voicemail-neg.text.1,203,move.,185.0
voicemail-neg.text.1,204,She,0.0
voicemail-neg.text.1,205,started,691.0
voicemail-neg.text.1,206,to,0.0
voicemail-neg.text.1,207,vary,0.0
voicemail-neg.text.1,208,her,0.0
voicemail-neg.text.1,209,"routine,",161.0
voicemail-neg.text.1,210,taking,326.0
voicemail-neg.text.1,211,different,231.0
voicemail-neg.text.1,212,routes,190.0
voicemail-neg.text.1,213,to,0.0
voicemail-neg.text.1,214,work,425.0
voicemail-neg.text.1,215,and,236.0
voicemail-neg.text.1,216,changing,282.0
voicemail-neg.text.1,217,her,178.0
voicemail-neg.text.1,218,daily,259.0
voicemail-neg.text.1,219,habits.,426.0
voicemail-neg.text.1,220,But,423.0
voicemail-neg.text.2,221,no,0.0
voicemail-neg.text.2,222,matter,128.0
voicemail-neg.text.2,223,what,134.0
voicemail-neg.text.2,224,she,0.0
voicemail-neg.text.2,225,"did,",0.0
voicemail-neg.text.2,226,she,170.0
voicemail-neg.text.2,227,couldn't,328.0
voicemail-neg.text.2,228,shake,595.0
voicemail-neg.text.2,229,the,187.0
voicemail-neg.text.2,230,feeling,162.0
voicemail-neg.text.2,231,of,0.0
voicemail-neg.text.2,232,being,385.0
voicemail-neg.text.2,233,watched.,0.0
voicemail-neg.text.2,234,One,0.0
voicemail-neg.text.2,235,"night,",376.0
voicemail-neg.text.2,236,as,289.0
voicemail-neg.text.2,237,she,187.0
voicemail-neg.text.2,238,was,0.0
voicemail-neg.text.2,239,walking,337.0
voicemail-neg.text.2,240,home,208.0
voicemail-neg.text.2,241,from,226.0
voicemail-neg.text.2,242,"work,",250.0
voicemail-neg.text.2,243,she,0.0
voicemail-neg.text.2,244,saw,236.0
voicemail-neg.text.2,245,a,0.0
voicemail-neg.text.2,246,figure,547.0
voicemail-neg.text.2,247,in,0.0
voicemail-neg.text.2,248,the,0.0
voicemail-neg.text.2,249,distance.,329.0
voicemail-neg.text.2,250,It,0.0
voicemail-neg.text.2,251,was,0.0
voicemail-neg.text.2,252,a,0.0
voicemail-neg.text.2,253,woman,0.0
voicemail-neg.text.2,254,with,0.0
voicemail-neg.text.2,255,"long,",0.0
voicemail-neg.text.2,256,dark,0.0
voicemail-neg.text.2,257,hair,0.0
voicemail-neg.text.2,258,and,0.0
voicemail-neg.text.2,259,a,0.0
voicemail-neg.text.2,260,hoodie,0.0
voicemail-neg.text.2,261,pulled,0.0
voicemail-neg.text.2,262,over,0.0
voicemail-neg.text.2,263,her,0.0
voicemail-neg.text.2,264,head.,0.0
voicemail-neg.text.2,265,Emily's,0.0
voicemail-neg.text.2,266,heart,183.0
voicemail-neg.text.2,267,skipped,537.0
voicemail-neg.text.2,268,a,0.0
voicemail-neg.text.2,269,beat,204.0
voicemail-neg.text.2,270,as,0.0
voicemail-neg.text.2,271,she,210.0
voicemail-neg.text.2,272,quickened,207.0
voicemail-neg.text.2,273,her,259.0
voicemail-neg.text.2,274,"pace,",161.0
voicemail-neg.text.2,275,but,0.0
voicemail-neg.text.2,276,as,188.0
voicemail-neg.text.2,277,she,0.0
voicemail-neg.text.2,278,got,440.0
voicemail-neg.text.2,279,"closer,",0.0
voicemail-neg.text.2,280,the,238.0
voicemail-neg.text.2,281,woman,170.0
voicemail-neg.text.2,282,vanished,205.0
voicemail-neg.text.2,283,into,0.0
voicemail-neg.text.2,284,thin,369.0
voicemail-neg.text.2,285,air.,166.0
voicemail-neg.text.2,286,It,0.0
voicemail-neg.text.2,287,was,270.0
voicemail-neg.text.2,288,then,119.0
voicemail-neg.text.2,289,that,264.0
voicemail-neg.text.2,290,Emily,0.0
voicemail-neg.text.2,291,realized,360.0
voicemail-neg.text.2,292,the,0.0
voicemail-neg.text.2,293,message,415.0
voicemail-neg.text.2,294,was,0.0
voicemail-neg.text.2,295,more,167.0
voicemail-neg.text.2,296,than,218.0
voicemail-neg.text.2,297,just,222.0
voicemail-neg.text.2,298,a,130.0
voicemail-neg.text.2,299,prank.,0.0
voicemail-neg.text.2,300,It,0.0
voicemail-neg.text.2,301,was,335.0
voicemail-neg.text.2,302,a,0.0
voicemail-neg.text.2,303,warning.,0.0
voicemail-neg.text.2,304,And,107.0
voicemail-neg.text.2,305,she,232.0
voicemail-neg.text.2,306,had,253.0
voicemail-neg.text.2,307,no,0.0
voicemail-neg.text.2,308,idea,169.0
voicemail-neg.text.2,309,who,0.0
voicemail-neg.text.2,310,was,0.0
voicemail-neg.text.2,311,behind,185.0
voicemail-neg.text.2,312,it,0.0
voicemail-neg.text.2,313,or,0.0
voicemail-neg.text.2,314,what,129.0
voicemail-neg.text.2,315,they,137.0
voicemail-neg.text.2,316,wanted,198.0
voicemail-neg.text.2,317,from,271.0
voicemail-neg.text.2,318,her.,0.0
voicemail-neg.text.2,319,All,373.0
voicemail-neg.text.2,320,she,0.0
voicemail-neg.text.2,321,knew,369.0
voicemail-neg.text.2,322,was,162.0
voicemail-neg.text.2,323,that,0.0
voicemail-neg.text.2,324,she,198.0
voicemail-neg.text.2,325,had,237.0
voicemail-neg.text.2,326,to,0.0
voicemail-neg.text.2,327,get,210.0
voicemail-neg.text.2,328,to,202.0
voicemail-neg.text.2,329,the,0.0
voicemail-neg.text.2,330,bottom,317.0
voicemail-neg.text.2,331,of,0.0
voicemail-neg.text.2,332,it.,0.0
voicemail-neg.text.3,333,With,393.0
voicemail-neg.text.3,334,a,177.0
voicemail-neg.text.3,335,sense,202.0
voicemail-neg.text.3,336,of,204.0
voicemail-neg.text.3,337,"determination,",252.0
voicemail-neg.text.3,338,Emily,220.0
voicemail-neg.text.3,339,started,189.0
voicemail-neg.text.3,340,to,127.0
voicemail-neg.text.3,341,dig,296.0
voicemail-neg.text.3,342,into,214.0
voicemail-neg.text.3,343,her,0.0
voicemail-neg.text.3,344,"past,",273.0
voicemail-neg.text.3,345,searching,242.0
voicemail-neg.text.3,346,for,0.0
voicemail-neg.text.3,347,any,0.0
voicemail-neg.text.3,348,clues,0.0
voicemail-neg.text.3,349,that,0.0
voicemail-neg.text.3,350,might,0.0
voicemail-neg.text.3,351,lead,0.0
voicemail-neg.text.3,352,her,0.0
voicemail-neg.text.3,353,to,0.0
voicemail-neg.text.3,354,the,0.0
voicemail-neg.text.3,355,person,0.0
voicemail-neg.text.3,356,who,0.0
voicemail-neg.text.3,357,left,0.0
voicemail-neg.text.3,358,the,0.0
voicemail-neg.text.3,359,message.,0.0
voicemail-neg.text.3,360,It,0.0
voicemail-neg.text.3,361,was,0.0
voicemail-neg.text.3,362,a,0.0
voicemail-neg.text.3,363,journey,163.0
voicemail-neg.text.3,364,that,0.0
voicemail-neg.text.3,365,would,0.0
voicemail-neg.text.3,366,take,0.0
voicemail-neg.text.3,367,her,185.0
voicemail-neg.text.3,368,down,0.0
voicemail-neg.text.3,369,a,0.0
voicemail-neg.text.3,370,rabbit,0.0
voicemail-neg.text.3,371,hole,0.0
voicemail-neg.text.3,372,of,0.0
voicemail-neg.text.3,373,secrets,0.0
voicemail-neg.text.3,374,and,0.0
voicemail-neg.text.3,375,"lies,",0.0
voicemail-neg.text.3,376,but,0.0
voicemail-neg.text.3,377,she,0.0
voicemail-neg.text.3,378,was,0.0
voicemail-neg.text.3,379,determined,462.0
voicemail-neg.text.3,380,to,0.0
voicemail-neg.text.3,381,uncover,0.0
voicemail-neg.text.3,382,the,125.0
voicemail-neg.text.3,383,truth.,0.0
voicemail-neg.text.3,384,As,0.0
voicemail-neg.text.3,385,she,0.0
voicemail-neg.text.3,386,delved,432.0
voicemail-neg.text.3,387,deeper,289.0
voicemail-neg.text.3,388,into,263.0
voicemail-neg.text.3,389,the,0.0
voicemail-neg.text.3,390,"mystery,",386.0
voicemail-neg.text.3,391,Emily,226.0
voicemail-neg.text.3,392,couldn't,166.0
voicemail-neg.text.3,393,shake,247.0
voicemail-neg.text.3,394,the,358.0
voicemail-neg.text.3,395,feeling,0.0
voicemail-neg.text.3,396,that,233.0
voicemail-neg.text.3,397,she,207.0
voicemail-neg.text.3,398,was,204.0
voicemail-neg.text.3,399,running,0.0
voicemail-neg.text.3,400,out,169.0
voicemail-neg.text.3,401,of,0.0
voicemail-neg.text.3,402,time.,280.0
voicemail-neg.text.3,403,And,0.0
voicemail-neg.text.3,404,she,267.0
voicemail-neg.text.3,405,knew,254.0
voicemail-neg.text.3,406,that,247.0
voicemail-neg.text.3,407,she,190.0
voicemail-neg.text.3,408,had,228.0
voicemail-neg.text.3,409,to,0.0
voicemail-neg.text.3,410,get,279.0
voicemail-neg.text.3,411,out,0.0
voicemail-neg.text.3,412,while,495.0
voicemail-neg.text.3,413,she,0.0
voicemail-neg.text.3,414,still,794.0
voicemail-neg.text.3,415,could.,0.0
breakfast-pos.text.0,0,Breakfast,942.0
breakfast-pos.text.0,1,with,123.0
breakfast-pos.text.0,2,a,0.0
breakfast-pos.text.0,3,Stranger,1615.0
breakfast-pos.text.0,4,The,0.0
breakfast-pos.text.0,5,diner's,418.0
breakfast-pos.text.0,6,fluorescent,359.0
breakfast-pos.text.0,7,lights,297.0
breakfast-pos.text.0,8,hummed,354.0
breakfast-pos.text.0,9,"overhead,",547.0
breakfast-pos.text.0,10,casting,257.0
breakfast-pos.text.0,11,an,344.0
breakfast-pos.text.0,12,unforgiving,545.0
breakfast-pos.text.0,13,glare,291.0
breakfast-pos.text.0,14,over,917.0
breakfast-pos.text.0,15,the,0.0
breakfast-pos.text.0,16,Formica,577.0
breakfast-pos.text.0,17,countertops,673.0
breakfast-pos.text.0,18,and,216.0
breakfast-pos.text.0,19,vinyl,133.0
breakfast-pos.text.0,20,booths.,130.0
breakfast-pos.text.0,21,Rachel,917.0
breakfast-pos.text.0,22,settled,255.0
breakfast-pos.text.0,23,into,128.0
breakfast-pos.text.0,24,her,239.0
breakfast-pos.text.0,25,usual,737.0
breakfast-pos.text.0,26,"booth,",156.0
breakfast-pos.text.0,27,scanning,0.0
breakfast-pos.text.0,28,the,111.0
breakfast-pos.text.0,29,menu,0.0
breakfast-pos.text.0,30,with,258.0
breakfast-pos.text.0,31,practiced,842.0
breakfast-pos.text.0,32,familiarity.,273.0
breakfast-pos.text.0,33,She,0.0
breakfast-pos.text.0,34,ordered,502.0
breakfast-pos.text.0,35,her,0.0
breakfast-pos.text.0,36,usual,263.0
breakfast-pos.text.0,37,breakfast:,707.0
breakfast-pos.text.0,38,scrambled,0.0
breakfast-pos.text.0,39,"eggs,",600.0
breakfast-pos.text.0,40,crispy,153.0
breakfast-pos.text.0,41,"bacon,",500.0
breakfast-pos.text.0,42,and,236.0
breakfast-pos.text.0,43,whole-grain,549.0
breakfast-pos.text.0,44,toast.,0.0
breakfast-pos.text.0,45,The,159.0
breakfast-pos.text.0,46,"waitress,",437.0
breakfast-pos.text.0,47,a,188.0
breakfast-pos.text.0,48,bleary-eyed,893.0
breakfast-pos.text.0,49,woman,0.0
breakfast-pos.text.0,50,named,126.0
breakfast-pos.text.0,51,"Darla,",248.0
breakfast-pos.text.0,52,scribbled,395.0
breakfast-pos.text.0,53,down,0.0
breakfast-pos.text.0,54,the,313.0
breakfast-pos.text.0,55,order,241.0
breakfast-pos.text.0,56,and,235.0
breakfast-pos.text.0,57,trudged,291.0
breakfast-pos.text.0,58,"away,",375.0
breakfast-pos.text.0,59,leaving,305.0
breakfast-pos.text.0,60,Rachel,295.0
breakfast-pos.text.0,61,to,0.0
breakfast-pos.text.0,62,wait.,326.0
breakfast-pos.text.0,63,Minutes,138.0
breakfast-pos.text.0,64,ticked,462.0
breakfast-pos.text.0,65,"by,",0.0
breakfast-pos.text.0,66,and,346.0
breakfast-pos.text.0,67,Rachel's,199.0
breakfast-pos.text.0,68,stomach,346.0
breakfast-pos.text.0,69,growled,312.0
breakfast-pos.text.0,70,in,0.0
breakfast-pos.text.0,71,anticipation.,438.0
breakfast-pos.text.0,72,When,217.0
breakfast-pos.text.0,73,Darla,122.0
breakfast-pos.text.0,74,returned,0.0
breakfast-pos.text.0,75,with,114.0
breakfast-pos.text.0,76,a,153.0
breakfast-pos.text.0,77,steaming,282.0
breakfast-pos.text.0,78,"plate,",202.0
breakfast-pos.text.0,79,Rachel's,243.0
breakfast-pos.text.0,80,eyes,161.0
breakfast-pos.text.0,81,widened,245.0
breakfast-pos.text.0,82,in,0.0
breakfast-pos.text.0,83,confusion.,474.0
breakfast-pos.text.0,84,Instead,483.0
breakfast-pos.text.0,85,of,0.0
breakfast-pos.text.0,86,"eggs,",248.0
breakfast-pos.text.1,87,"bacon,",233.0
breakfast-pos.text.1,88,and,0.0
breakfast-pos.text.1,89,"toast,",456.0
breakfast-pos.text.1,90,Darla,338.0
breakfast-pos.text.1,91,set,0.0
breakfast-pos.text.1,92,down,266.0
breakfast-pos.text.1,93,a,296.0
breakfast-pos.text.1,94,plate,147.0
breakfast-pos.text.1,95,piled,400.0
breakfast-pos.text.1,96,high,0.0
breakfast-pos.text.1,97,with,168.0
breakfast-pos.text.1,98,"pancakes,",406.0
breakfast-pos.text.1,99,syrup-drenched,733.0
breakfast-pos.text.1,100,and,0.0
breakfast-pos.text.1,101,steaming.,119.0
breakfast-pos.text.1,102,"Confused,",367.0
breakfast-pos.text.1,103,Rachel,255.0
breakfast-pos.text.1,104,asked,132.0
breakfast-pos.text.1,105,Darla,227.0
breakfast-pos.text.1,106,to,159.0
breakfast-pos.text.1,107,"clarify,",279.0
breakfast-pos.text.1,108,but,185.0
breakfast-pos.text.1,109,the,0.0
breakfast-pos.text.1,110,waitress,347.0
breakfast-pos.text.1,111,just,0.0
breakfast-pos.text.1,112,shrugged,410.0
breakfast-pos.text.1,113,and,0.0
breakfast-pos.text.1,114,"muttered,",256.0
breakfast-pos.text.1,115,"""Sorry,",386.0
breakfast-pos.text.1,116,"hon,",0.0
breakfast-pos.text.1,117,must've,456.0
breakfast-pos.text.1,118,grabbed,414.0
breakfast-pos.text.1,119,the,0.0
breakfast-pos.text.1,120,wrong,425.0
breakfast-pos.text.1,121,"order.""",0.0
breakfast-pos.text.1,122,Rachel,0.0
breakfast-pos.text.1,123,"sighed,",654.0
breakfast-pos.text.1,124,unwrapping,197.0
breakfast-pos.text.1,125,her,176.0
breakfast-pos.text.1,126,napkin,251.0
breakfast-pos.text.1,127,to,0.0
breakfast-pos.text.1,128,examine,395.0
breakfast-pos.text.1,129,the,0.0
breakfast-pos.text.1,130,plate,372.0
breakfast-pos.text.1,131,more,0.0
breakfast-pos.text.1,132,closely.,513.0
breakfast-pos.text.1,133,Amidst,628.0
breakfast-pos.text.1,134,the,0.0
breakfast-pos.text.1,135,syrup-soaked,724.0
breakfast-pos.text.1,136,"pancakes,",283.0
breakfast-pos.text.1,137,a,0.0
breakfast-pos.text.1,138,"small,",305.0
breakfast-pos.text.1,139,folded,299.0
breakfast-pos.text.1,140,piece,283.0
breakfast-pos.text.1,141,of,0.0
breakfast-pos.text.1,142,paper,194.0
breakfast-pos.text.1,143,peeked,277.0
breakfast-pos.text.1,144,out,247.0
breakfast-pos.text.1,145,from,0.0
breakfast-pos.text.1,146,beneath,475.0
breakfast-pos.text.1,147,the,0.0
breakfast-pos.text.1,148,stack.,0.0
breakfast-pos.text.1,149,Curiosity,781.0
breakfast-pos.text.1,150,"piqued,",397.0
breakfast-pos.text.1,151,Rachel,298.0
breakfast-pos.text.1,152,carefully,216.0
breakfast-pos.text.1,153,unwrapped,245.0
breakfast-pos.text.1,154,the,161.0
breakfast-pos.text.1,155,"paper,",182.0
breakfast-pos.text.1,156,smoothing,504.0
breakfast-pos.text.1,157,out,238.0
breakfast-pos.text.1,158,the,0.0
breakfast-pos.text.1,159,creases.,0.0
breakfast-pos.text.1,160,A,0.0
breakfast-pos.text.1,161,single,102.0
breakfast-pos.text.1,162,"sentence,",176.0
breakfast-pos.text.1,163,typed,0.0
breakfast-pos.text.1,164,on,335.0
breakfast-pos.text.1,165,plain,312.0
breakfast-pos.text.1,166,white,241.0
breakfast-pos.text.1,167,"paper,",229.0
breakfast-pos.text.1,168,stared,440.0
breakfast-pos.text.1,169,back,245.0
breakfast-pos.text.1,170,at,0.0
breakfast-pos.text.1,171,her:,163.0
breakfast-pos.text.1,172,"""It's",245.0
breakfast-pos.text.1,173,"time.""",0.0
breakfast-pos.text.1,174,A,0.0
breakfast-pos.text.1,175,shiver,0.0
breakfast-pos.text.1,176,ran,0.0
breakfast-pos.text.1,177,down,128.0
breakfast-pos.text.1,178,Rachel's,0.0
breakfast-pos.text.1,179,spine.,299.0
breakfast-pos.text.1,180,Who,210.0
breakfast-pos.text.1,181,would,218.0
breakfast-pos.text.1,182,write,103.0
breakfast-pos.text.1,183,such,259.0
breakfast-pos.text.1,184,a,0.0
breakfast-pos.text.1,185,cryptic,0.0
breakfast-pos.text.1,186,"message,",465.0
breakfast-pos.text.1,187,and,355.0
breakfast-pos.text.1,188,why?,0.0
breakfast-pos.text.1,189,The,0.0
breakfast-pos.text.1,190,diner,433.0
breakfast-pos.text.1,191,bustled,211.0
breakfast-pos.text.1,192,around,463.0
breakfast-pos.text.1,193,"her,",135.0
breakfast-pos.text.1,194,patrons,651.0
breakfast-pos.text.1,195,engrossed,486.0
breakfast-pos.text.1,196,in,0.0
breakfast-pos.text.1,197,their,168.0
breakfast-pos.text.1,198,own,259.0
breakfast-pos.text.1,199,"breakfasts,",247.0
breakfast-pos.text.1,200,oblivious,906.0
breakfast-pos.text.1,201,to,0.0
breakfast-pos.text.2,202,the,456.0
breakfast-pos.text.2,203,mysterious,318.0
breakfast-pos.text.2,204,note.,0.0
breakfast-pos.text.2,205,Rachel's,467.0
breakfast-pos.text.2,206,mind,0.0
breakfast-pos.text.2,207,whirled,603.0
breakfast-pos.text.2,208,with,0.0
breakfast-pos.text.2,209,"questions,",695.0
breakfast-pos.text.2,210,but,125.0
breakfast-pos.text.2,211,before,255.0
breakfast-pos.text.2,212,she,0.0
breakfast-pos.text.2,213,could,329.0
breakfast-pos.text.2,214,ponder,0.0
breakfast-pos.text.2,215,"further,",103.0
breakfast-pos.text.2,216,Darla,0.0
breakfast-pos.text.2,217,swooped,304.0
breakfast-pos.text.2,218,"back,",268.0
breakfast-pos.text.2,219,refilling,359.0
breakfast-pos.text.2,220,coffee,205.0
breakfast-pos.text.2,221,cups,293.0
breakfast-pos.text.2,222,and,246.0
breakfast-pos.text.2,223,clearing,341.0
breakfast-pos.text.2,224,plates,249.0
breakfast-pos.text.2,225,with,123.0
breakfast-pos.text.2,226,practiced,0.0
breakfast-pos.text.2,227,efficiency.,102.0
breakfast-pos.text.2,228,Rachel,0.0
breakfast-pos.text.2,229,"hesitated,",538.0
breakfast-pos.text.2,230,torn,226.0
breakfast-pos.text.2,231,between,227.0
breakfast-pos.text.2,232,ignoring,322.0
breakfast-pos.text.2,233,the,0.0
breakfast-pos.text.2,234,note,190.0
breakfast-pos.text.2,235,and,263.0
breakfast-pos.text.2,236,confronting,211.0
breakfast-pos.text.2,237,Darla.,256.0
breakfast-pos.text.2,238,Something,384.0
breakfast-pos.text.2,239,about,147.0
breakfast-pos.text.2,240,the,162.0
breakfast-pos.text.2,241,message,218.0
breakfast-pos.text.2,242,resonated,259.0
breakfast-pos.text.2,243,deep,185.0
breakfast-pos.text.2,244,within,278.0
breakfast-pos.text.2,245,"her,",249.0
breakfast-pos.text.2,246,urging,696.0
breakfast-pos.text.2,247,her,0.0
breakfast-pos.text.2,248,to,0.0
breakfast-pos.text.2,249,investigate,452.0
breakfast-pos.text.2,250,further.,231.0
breakfast-pos.text.2,251,She,0.0
breakfast-pos.text.2,252,discreetly,0.0
breakfast-pos.text.2,253,tucked,0.0
breakfast-pos.text.2,254,the,123.0
breakfast-pos.text.2,255,note,297.0
breakfast-pos.text.2,256,into,0.0
breakfast-pos.text.2,257,her,300.0
breakfast-pos.text.2,258,apron,195.0
breakfast-pos.text.2,259,"pocket,",340.0
breakfast-pos.text.2,260,watching,458.0
breakfast-pos.text.2,261,as,0.0
breakfast-pos.text.2,262,Darla,236.0
breakfast-pos.text.2,263,expertly,406.0
breakfast-pos.text.2,264,juggled,311.0
breakfast-pos.text.2,265,multiple,0.0
breakfast-pos.text.2,266,"tables,",519.0
breakfast-pos.text.2,267,exchanging,407.0
breakfast-pos.text.2,268,pleasantries,461.0
breakfast-pos.text.2,269,and,0.0
breakfast-pos.text.2,270,refilling,231.0
breakfast-pos.text.2,271,coffee,701.0
breakfast-pos.text.2,272,cups.,0.0
breakfast-pos.text.2,273,As,0.0
breakfast-pos.text.2,274,the,0.0
breakfast-pos.text.2,275,morning,536.0
breakfast-pos.text.2,276,rush,242.0
breakfast-pos.text.2,277,"dissipated,",444.0
breakfast-pos.text.2,278,Darla,190.0
breakfast-pos.text.2,279,returned,235.0
breakfast-pos.text.2,280,to,151.0
breakfast-pos.text.2,281,Rachel's,231.0
breakfast-pos.text.2,282,"booth,",335.0
breakfast-pos.text.2,283,wiping,257.0
breakfast-pos.text.2,284,down,677.0
breakfast-pos.text.2,285,the,0.0
breakfast-pos.text.2,286,counter,0.0
breakfast-pos.text.2,287,with,139.0
breakfast-pos.text.2,288,a,0.0
breakfast-pos.text.2,289,dirty,235.0
breakfast-pos.text.2,290,rag.,210.0
breakfast-pos.text.2,291,"""You",0.0
breakfast-pos.text.2,292,"okay,",315.0
breakfast-pos.text.2,293,"hon?""",294.0
breakfast-pos.text.2,294,she,0.0
breakfast-pos.text.2,295,"asked,",415.0
breakfast-pos.text.2,296,eyeing,106.0
breakfast-pos.text.2,297,Rachel's,186.0
breakfast-pos.text.2,298,puzzled,461.0
breakfast-pos.text.3,299,expression.,301.0
breakfast-pos.text.3,300,Rachel,0.0
breakfast-pos.text.3,301,"hesitated,",0.0
breakfast-pos.text.3,302,unsure,0.0
breakfast-pos.text.3,303,how,0.0
breakfast-pos.text.3,304,to,0.0
breakfast-pos.text.3,305,broach,0.0
breakfast-pos.text.3,306,the,0.0
breakfast-pos.text.3,307,subject.,0.0
breakfast-pos.text.3,308,"Darla,",0.0
breakfast-pos.text.3,309,sensing,0.0
breakfast-pos.text.3,310,"unease,",133.0
breakfast-pos.text.3,311,nodded,522.0
breakfast-pos.text.3,312,sympathetically.,0.0
breakfast-pos.text.3,313,"""Don't",0.0
breakfast-pos.text.3,314,you,0.0
breakfast-pos.text.3,315,worry,0.0
breakfast-pos.text.3,316,'bout,0.0
breakfast-pos.text.3,317,"it,",0.0
breakfast-pos.text.3,318,sweetie.,0.0
breakfast-pos.text.3,319,Mistakes,0.0
breakfast-pos.text.3,320,happen.,0.0
breakfast-pos.text.3,321,Just,0.0
breakfast-pos.text.3,322,enjoy,262.0
breakfast-pos.text.3,323,"your...uh...pancakes?""",1238.0
breakfast-pos.text.3,324,Rachel,0.0
breakfast-pos.text.3,325,forced,1049.0
breakfast-pos.text.3,326,a,190.0
breakfast-pos.text.3,327,"smile,",225.0
breakfast-pos.text.3,328,tucking,278.0
breakfast-pos.text.3,329,the,0.0
breakfast-pos.text.3,330,note,181.0
breakfast-pos.text.3,331,deeper,316.0
breakfast-pos.text.3,332,into,0.0
breakfast-pos.text.3,333,her,0.0
breakfast-pos.text.3,334,pocket.,288.0
breakfast-pos.text.3,335,"""Yeah,",277.0
breakfast-pos.text.3,336,"thanks,",250.0
breakfast-pos.text.3,337,"Darla.""",224.0
breakfast-pos.text.3,338,The,0.0
breakfast-pos.text.3,339,waitress,338.0
breakfast-pos.text.3,340,"departed,",262.0
breakfast-pos.text.3,341,leaving,363.0
breakfast-pos.text.3,342,Rachel,139.0
breakfast-pos.text.3,343,to,0.0
breakfast-pos.text.3,344,ponder,248.0
breakfast-pos.text.3,345,the,159.0
breakfast-pos.text.3,346,enigmatic,312.0
breakfast-pos.text.3,347,message.,270.0
breakfast-pos.text.3,348,The,166.0
breakfast-pos.text.3,349,diner's,162.0
breakfast-pos.text.3,350,bustle,0.0
breakfast-pos.text.3,351,"receded,",541.0
breakfast-pos.text.3,352,replaced,374.0
breakfast-pos.text.3,353,by,0.0
breakfast-pos.text.3,354,an,196.0
breakfast-pos.text.3,355,unsettling,281.0
breakfast-pos.text.3,356,stillness.,295.0
breakfast-pos.text.3,357,The,0.0
breakfast-pos.text.3,358,fluorescent,789.0
breakfast-pos.text.3,359,lights,390.0
breakfast-pos.text.3,360,hummed,590.0
breakfast-pos.text.3,361,"on,",0.0
breakfast-pos.text.3,362,casting,0.0
breakfast-pos.text.3,363,an,0.0
breakfast-pos.text.3,364,eerie,127.0
breakfast-pos.text.3,365,glow,0.0
breakfast-pos.text.3,366,over,325.0
breakfast-pos.text.3,367,the,0.0
breakfast-pos.text.3,368,emptying,298.0
breakfast-pos.text.3,369,booths.,206.0
breakfast-pos.text.3,370,Rachel's,248.0
breakfast-pos.text.3,371,"breakfast,",308.0
breakfast-pos.text.3,372,once,297.0
breakfast-pos.text.3,373,a,0.0
breakfast-pos.text.3,374,mundane,0.0
breakfast-pos.text.3,375,"routine,",222.0
breakfast-pos.text.3,376,now,0.0
breakfast-pos.text.3,377,felt,216.0
breakfast-pos.text.3,378,like,0.0
breakfast-pos.text.3,379,a,218.0
breakfast-pos.text.3,380,harbinger,247.0
breakfast-pos.text.3,381,of,231.0
breakfast-pos.text.3,382,something,357.0
breakfast-pos.text.3,383,greater.,179.0
